-- phpMyAdmin SQL Dump
-- version 5.1.1
-- https://www.phpmyadmin.net/
--
-- Hôte : 127.0.0.1:3306
-- Généré le : jeu. 16 mars 2023 à 14:32
-- Version du serveur : 5.7.36
-- Version de PHP : 7.4.26

SET SQL_MODE = "NO_AUTO_VALUE_ON_ZERO";
START TRANSACTION;
SET time_zone = "+00:00";


/*!40101 SET @OLD_CHARACTER_SET_CLIENT=@@CHARACTER_SET_CLIENT */;
/*!40101 SET @OLD_CHARACTER_SET_RESULTS=@@CHARACTER_SET_RESULTS */;
/*!40101 SET @OLD_COLLATION_CONNECTION=@@COLLATION_CONNECTION */;
/*!40101 SET NAMES utf8mb4 */;

--
-- Base de données : `fil_rouge`
--

-- --------------------------------------------------------

--
-- Structure de la table `admins`
--

DROP TABLE IF EXISTS `admins`;
CREATE TABLE IF NOT EXISTS `admins` (
  `id` int(11) NOT NULL AUTO_INCREMENT,
  `name` varchar(50) NOT NULL,
  `email` varchar(250) NOT NULL,
  `password` varchar(250) NOT NULL,
  PRIMARY KEY (`id`)
) ENGINE=InnoDB AUTO_INCREMENT=3 DEFAULT CHARSET=utf8;

--
-- Déchargement des données de la table `admins`
--

INSERT INTO `admins` (`id`, `name`, `email`, `password`) VALUES
(1, 'admin', 's.leininger@live.fr', '$2y$10$n0fmqB6VrKJ9mHVf.oTwsO2P0YMmJC2on8HRi1vBCcE78gVpWbWmS'),
(2, 'sebastien', 'ohm-services@outlook.fr', '$2y$10$BEN8A.IE4WWsZ.NDC7y7JO6h9jnuqD77dp3CyUBDQqPdaQRS8YRNu');

-- --------------------------------------------------------

--
-- Structure de la table `carts`
--

DROP TABLE IF EXISTS `carts`;
CREATE TABLE IF NOT EXISTS `carts` (
  `id` int(11) NOT NULL AUTO_INCREMENT,
  `ident_orders` int(11) NOT NULL,
  `ident_clients` int(11) DEFAULT NULL,
  `product` varchar(250) NOT NULL,
  `price` int(11) NOT NULL,
  `quantity` int(11) NOT NULL,
  `comment` text,
  `id_client` int(11) DEFAULT NULL,
  PRIMARY KEY (`id`),
  KEY `id_client` (`id_client`)
) ENGINE=InnoDB DEFAULT CHARSET=utf8;

-- --------------------------------------------------------

--
-- Structure de la table `categories`
--

DROP TABLE IF EXISTS `categories`;
CREATE TABLE IF NOT EXISTS `categories` (
  `id` int(11) NOT NULL AUTO_INCREMENT,
  `names` varchar(50) NOT NULL,
  `is_enable` int(10) DEFAULT NULL,
  PRIMARY KEY (`id`)
) ENGINE=InnoDB AUTO_INCREMENT=4 DEFAULT CHARSET=utf8;

--
-- Déchargement des données de la table `categories`
--

INSERT INTO `categories` (`id`, `names`, `is_enable`) VALUES
(1, 'HOMME ', 1),
(2, 'FEMME ', 1),
(3, 'ENFANT ', 1);

-- --------------------------------------------------------

--
-- Structure de la table `client`
--

DROP TABLE IF EXISTS `client`;
CREATE TABLE IF NOT EXISTS `client` (
  `id` int(11) NOT NULL AUTO_INCREMENT,
  `name` varchar(50) NOT NULL,
  `first_name` varchar(50) DEFAULT NULL,
  `email` varchar(250) NOT NULL,
  `adress` varchar(250) DEFAULT NULL,
  `cp` int(250) NOT NULL,
  `city` varchar(250) NOT NULL,
  `password` varchar(500) NOT NULL,
  PRIMARY KEY (`id`)
) ENGINE=InnoDB AUTO_INCREMENT=5 DEFAULT CHARSET=utf8;

--
-- Déchargement des données de la table `client`
--

INSERT INTO `client` (`id`, `name`, `first_name`, `email`, `adress`, `cp`, `city`, `password`) VALUES
(1, 'Leininger', 'zertyu', 's.leininger@live.fr', 'azer', 5151, 'Petit', '$2y$10$p09253ReV37NSWaMay1vo.lL8SLttFnRwHo5OgoKtEFuznhtjFIgO'),
(2, 'Leininger', 'zertyu', 's.leininger@live.fr', 'azer', 5151, 'Petit', '$2y$10$5ZzAYPDwDXc3J/tG0Zznc.06mmyS3TTCWrMifPM7m/vkNcsK4RKZ2');

-- --------------------------------------------------------

--
-- Structure de la table `colors`
--

DROP TABLE IF EXISTS `colors`;
CREATE TABLE IF NOT EXISTS `colors` (
  `id` int(11) NOT NULL AUTO_INCREMENT,
  `color` varchar(50) NOT NULL,
  `is_enable` int(11) DEFAULT NULL,
  PRIMARY KEY (`id`)
) ENGINE=InnoDB AUTO_INCREMENT=7 DEFAULT CHARSET=utf8;

--
-- Déchargement des données de la table `colors`
--

INSERT INTO `colors` (`id`, `color`, `is_enable`) VALUES
(1, 'ROUGE', 1),
(3, 'NOIR', 1),
(4, 'BLEU', 1),
(5, 'VERT', 1),
(6, 'BLANC', 1);

-- --------------------------------------------------------

--
-- Structure de la table `options`
--

DROP TABLE IF EXISTS `options`;
CREATE TABLE IF NOT EXISTS `options` (
  `id_product` int(11) NOT NULL,
  `id_color` int(11) NOT NULL,
  `id_size` int(11) NOT NULL,
  PRIMARY KEY (`id_product`,`id_color`,`id_size`),
  KEY `id_colors` (`id_color`),
  KEY `id_size` (`id_size`)
) ENGINE=InnoDB DEFAULT CHARSET=utf8;

--
-- Déchargement des données de la table `options`
--

INSERT INTO `options` (`id_product`, `id_color`, `id_size`) VALUES
(91, 1, 1),
(91, 1, 4),
(91, 1, 5),
(91, 1, 6),
(91, 1, 7),
(91, 1, 8),
(94, 1, 1),
(94, 1, 4),
(94, 1, 5),
(94, 1, 6),
(94, 1, 7),
(94, 1, 8),
(98, 1, 1),
(98, 1, 4),
(98, 1, 5),
(98, 1, 6),
(98, 1, 7),
(98, 1, 8),
(100, 1, 1),
(100, 1, 4),
(100, 1, 5),
(100, 1, 6),
(100, 1, 7),
(100, 1, 8),
(101, 1, 1),
(101, 1, 4),
(101, 1, 5),
(101, 1, 6),
(101, 1, 7),
(101, 1, 8),
(104, 1, 1),
(104, 1, 4),
(104, 1, 5),
(104, 1, 6),
(104, 1, 7),
(110, 1, 1),
(110, 1, 4),
(110, 1, 5),
(110, 1, 6),
(110, 1, 7),
(110, 1, 8),
(119, 1, 1),
(119, 1, 4),
(119, 1, 5),
(119, 1, 6),
(119, 1, 7),
(119, 1, 8),
(120, 1, 1),
(120, 1, 4),
(120, 1, 5),
(120, 1, 6),
(120, 1, 7),
(120, 1, 8),
(133, 1, 1),
(133, 1, 4),
(133, 1, 5),
(133, 1, 6),
(133, 1, 7),
(133, 1, 8),
(141, 1, 1),
(141, 1, 4),
(141, 1, 5),
(141, 1, 6),
(141, 1, 7),
(141, 1, 8),
(143, 1, 1),
(143, 1, 5),
(143, 1, 6),
(143, 1, 7),
(145, 1, 1),
(145, 1, 4),
(145, 1, 5),
(145, 1, 7),
(145, 1, 8),
(150, 1, 1),
(150, 1, 4),
(150, 1, 5),
(150, 1, 6),
(150, 1, 7),
(150, 1, 8),
(153, 1, 1),
(153, 1, 4),
(153, 1, 5),
(153, 1, 6),
(153, 1, 7),
(153, 1, 8),
(156, 1, 1),
(156, 1, 4),
(156, 1, 5),
(156, 1, 6),
(156, 1, 7),
(160, 1, 1),
(160, 1, 4),
(160, 1, 5),
(160, 1, 6),
(160, 1, 7),
(160, 1, 8),
(166, 1, 6),
(166, 1, 7),
(166, 1, 8),
(167, 1, 6),
(167, 1, 7),
(167, 1, 8),
(77, 3, 1),
(77, 3, 4),
(77, 3, 5),
(77, 3, 6),
(77, 3, 7),
(77, 3, 8),
(78, 3, 1),
(78, 3, 4),
(78, 3, 5),
(78, 3, 6),
(78, 3, 7),
(78, 3, 8),
(79, 3, 1),
(79, 3, 4),
(79, 3, 5),
(79, 3, 6),
(79, 3, 7),
(79, 3, 8),
(80, 3, 1),
(80, 3, 4),
(80, 3, 5),
(80, 3, 6),
(80, 3, 7),
(80, 3, 8),
(83, 3, 1),
(83, 3, 4),
(83, 3, 5),
(83, 3, 6),
(83, 3, 7),
(83, 3, 8),
(85, 3, 1),
(85, 3, 4),
(85, 3, 5),
(85, 3, 6),
(85, 3, 7),
(85, 3, 8),
(86, 3, 1),
(86, 3, 4),
(86, 3, 5),
(86, 3, 6),
(86, 3, 7),
(86, 3, 8),
(87, 3, 1),
(87, 3, 4),
(87, 3, 5),
(87, 3, 6),
(87, 3, 7),
(87, 3, 8),
(88, 3, 1),
(88, 3, 4),
(88, 3, 5),
(88, 3, 6),
(88, 3, 7),
(88, 3, 8),
(90, 3, 1),
(90, 3, 4),
(90, 3, 5),
(90, 3, 6),
(90, 3, 7),
(90, 3, 8),
(93, 3, 1),
(93, 3, 4),
(93, 3, 5),
(93, 3, 6),
(93, 3, 7),
(93, 3, 8),
(95, 3, 1),
(95, 3, 4),
(95, 3, 5),
(95, 3, 6),
(95, 3, 7),
(95, 3, 8),
(96, 3, 1),
(96, 3, 4),
(96, 3, 5),
(96, 3, 6),
(96, 3, 7),
(96, 3, 8),
(97, 3, 1),
(97, 3, 4),
(97, 3, 5),
(97, 3, 6),
(97, 3, 7),
(97, 3, 8),
(100, 3, 1),
(100, 3, 4),
(100, 3, 5),
(100, 3, 6),
(100, 3, 7),
(100, 3, 8),
(101, 3, 1),
(101, 3, 4),
(101, 3, 5),
(101, 3, 6),
(101, 3, 7),
(101, 3, 8),
(103, 3, 1),
(103, 3, 4),
(103, 3, 5),
(103, 3, 6),
(103, 3, 7),
(103, 3, 8),
(105, 3, 1),
(105, 3, 8),
(106, 3, 1),
(106, 3, 4),
(106, 3, 5),
(106, 3, 6),
(106, 3, 7),
(107, 3, 1),
(107, 3, 4),
(107, 3, 5),
(107, 3, 6),
(107, 3, 7),
(108, 3, 1),
(108, 3, 4),
(108, 3, 5),
(108, 3, 6),
(108, 3, 7),
(108, 3, 8),
(109, 3, 1),
(109, 3, 4),
(109, 3, 5),
(109, 3, 6),
(109, 3, 7),
(109, 3, 8),
(110, 3, 1),
(110, 3, 4),
(110, 3, 5),
(110, 3, 6),
(110, 3, 7),
(110, 3, 8),
(111, 3, 1),
(111, 3, 4),
(111, 3, 5),
(111, 3, 6),
(111, 3, 7),
(111, 3, 8),
(112, 3, 1),
(112, 3, 4),
(112, 3, 5),
(112, 3, 6),
(112, 3, 7),
(112, 3, 8),
(113, 3, 1),
(113, 3, 4),
(113, 3, 5),
(113, 3, 6),
(113, 3, 7),
(114, 3, 1),
(114, 3, 4),
(114, 3, 5),
(114, 3, 6),
(114, 3, 7),
(114, 3, 8),
(115, 3, 1),
(115, 3, 4),
(115, 3, 5),
(115, 3, 6),
(115, 3, 7),
(115, 3, 8),
(116, 3, 1),
(116, 3, 4),
(116, 3, 6),
(116, 3, 7),
(116, 3, 8),
(117, 3, 1),
(117, 3, 4),
(117, 3, 5),
(117, 3, 6),
(117, 3, 7),
(118, 3, 1),
(118, 3, 4),
(118, 3, 5),
(118, 3, 6),
(118, 3, 7),
(120, 3, 1),
(120, 3, 4),
(120, 3, 5),
(120, 3, 6),
(120, 3, 7),
(120, 3, 8),
(121, 3, 1),
(121, 3, 4),
(121, 3, 5),
(121, 3, 6),
(121, 3, 7),
(121, 3, 8),
(122, 3, 1),
(122, 3, 4),
(122, 3, 5),
(122, 3, 6),
(122, 3, 7),
(122, 3, 8),
(123, 3, 1),
(123, 3, 4),
(123, 3, 6),
(123, 3, 7),
(123, 3, 8),
(124, 3, 1),
(124, 3, 4),
(124, 3, 5),
(124, 3, 6),
(124, 3, 7),
(124, 3, 8),
(125, 3, 1),
(125, 3, 4),
(125, 3, 5),
(125, 3, 6),
(125, 3, 7),
(125, 3, 8),
(126, 3, 1),
(126, 3, 4),
(126, 3, 5),
(126, 3, 6),
(126, 3, 7),
(126, 3, 8),
(127, 3, 1),
(127, 3, 4),
(127, 3, 5),
(127, 3, 6),
(127, 3, 7),
(127, 3, 8),
(128, 3, 4),
(128, 3, 6),
(129, 3, 1),
(129, 3, 4),
(129, 3, 5),
(129, 3, 6),
(129, 3, 7),
(130, 3, 1),
(130, 3, 4),
(130, 3, 5),
(130, 3, 6),
(130, 3, 7),
(130, 3, 8),
(131, 3, 1),
(131, 3, 4),
(131, 3, 5),
(131, 3, 6),
(131, 3, 7),
(131, 3, 8),
(134, 3, 1),
(134, 3, 4),
(134, 3, 5),
(134, 3, 6),
(134, 3, 7),
(134, 3, 8),
(135, 3, 1),
(135, 3, 4),
(135, 3, 5),
(135, 3, 6),
(135, 3, 7),
(135, 3, 8),
(136, 3, 1),
(136, 3, 4),
(136, 3, 5),
(136, 3, 6),
(136, 3, 7),
(136, 3, 8),
(138, 3, 1),
(138, 3, 4),
(138, 3, 5),
(138, 3, 6),
(138, 3, 7),
(138, 3, 8),
(139, 3, 1),
(139, 3, 4),
(139, 3, 5),
(139, 3, 6),
(139, 3, 7),
(139, 3, 8),
(140, 3, 1),
(140, 3, 4),
(140, 3, 5),
(140, 3, 6),
(140, 3, 7),
(140, 3, 8),
(141, 3, 1),
(141, 3, 4),
(141, 3, 5),
(141, 3, 6),
(141, 3, 7),
(141, 3, 8),
(142, 3, 1),
(142, 3, 4),
(142, 3, 5),
(142, 3, 6),
(142, 3, 7),
(142, 3, 8),
(143, 3, 1),
(143, 3, 5),
(143, 3, 6),
(143, 3, 7),
(144, 3, 1),
(144, 3, 4),
(144, 3, 5),
(144, 3, 6),
(144, 3, 7),
(144, 3, 8),
(146, 3, 1),
(146, 3, 5),
(146, 3, 7),
(147, 3, 6),
(147, 3, 7),
(147, 3, 8),
(149, 3, 1),
(149, 3, 4),
(149, 3, 5),
(149, 3, 6),
(149, 3, 7),
(149, 3, 8),
(150, 3, 1),
(150, 3, 4),
(150, 3, 5),
(150, 3, 6),
(150, 3, 7),
(150, 3, 8),
(151, 3, 1),
(151, 3, 4),
(151, 3, 5),
(151, 3, 6),
(151, 3, 7),
(151, 3, 8),
(152, 3, 1),
(152, 3, 4),
(152, 3, 5),
(152, 3, 6),
(152, 3, 7),
(152, 3, 8),
(154, 3, 1),
(154, 3, 4),
(154, 3, 5),
(154, 3, 6),
(154, 3, 7),
(154, 3, 8),
(155, 3, 1),
(155, 3, 4),
(155, 3, 5),
(155, 3, 6),
(155, 3, 7),
(155, 3, 8),
(157, 3, 1),
(157, 3, 4),
(157, 3, 5),
(157, 3, 7),
(157, 3, 8),
(158, 3, 1),
(158, 3, 4),
(158, 3, 5),
(158, 3, 6),
(158, 3, 7),
(158, 3, 8),
(159, 3, 1),
(159, 3, 4),
(159, 3, 5),
(159, 3, 6),
(159, 3, 7),
(159, 3, 8),
(160, 3, 1),
(160, 3, 4),
(160, 3, 5),
(160, 3, 6),
(160, 3, 7),
(160, 3, 8),
(162, 3, 6),
(162, 3, 7),
(162, 3, 8),
(163, 3, 1),
(163, 3, 4),
(163, 3, 6),
(163, 3, 7),
(163, 3, 8),
(165, 3, 1),
(165, 3, 4),
(165, 3, 6),
(165, 3, 7),
(165, 3, 8),
(168, 3, 6),
(168, 3, 7),
(168, 3, 8),
(169, 3, 1),
(169, 3, 6),
(169, 3, 7),
(169, 3, 8),
(170, 3, 1),
(170, 3, 6),
(170, 3, 7),
(170, 3, 8),
(171, 3, 6),
(171, 3, 7),
(171, 3, 8),
(172, 3, 1),
(172, 3, 6),
(172, 3, 7),
(172, 3, 8),
(173, 3, 1),
(173, 3, 4),
(173, 3, 5),
(173, 3, 6),
(173, 3, 7),
(173, 3, 8),
(174, 3, 1),
(174, 3, 4),
(174, 3, 5),
(174, 3, 6),
(174, 3, 7),
(174, 3, 8),
(176, 3, 1),
(176, 3, 4),
(176, 3, 5),
(176, 3, 6),
(176, 3, 7),
(176, 3, 8),
(177, 3, 1),
(177, 3, 4),
(177, 3, 5),
(177, 3, 6),
(177, 3, 7),
(177, 3, 8),
(178, 3, 1),
(178, 3, 4),
(178, 3, 5),
(178, 3, 6),
(178, 3, 7),
(178, 3, 8),
(179, 3, 1),
(179, 3, 6),
(179, 3, 7),
(179, 3, 8),
(180, 3, 6),
(180, 3, 7),
(180, 3, 8),
(181, 3, 1),
(181, 3, 6),
(181, 3, 7),
(181, 3, 8),
(182, 3, 6),
(182, 3, 7),
(182, 3, 8),
(184, 3, 1),
(184, 3, 6),
(184, 3, 7),
(184, 3, 8),
(81, 4, 1),
(81, 4, 4),
(81, 4, 5),
(81, 4, 6),
(81, 4, 7),
(81, 4, 8),
(82, 4, 1),
(82, 4, 4),
(82, 4, 5),
(82, 4, 6),
(82, 4, 7),
(82, 4, 8),
(84, 4, 1),
(84, 4, 4),
(84, 4, 5),
(84, 4, 6),
(84, 4, 7),
(84, 4, 8),
(89, 4, 1),
(89, 4, 4),
(89, 4, 5),
(89, 4, 6),
(89, 4, 7),
(89, 4, 8),
(92, 4, 1),
(92, 4, 4),
(92, 4, 5),
(92, 4, 6),
(92, 4, 7),
(92, 4, 8),
(99, 4, 1),
(99, 4, 4),
(99, 4, 5),
(99, 4, 6),
(99, 4, 7),
(99, 4, 8),
(102, 4, 1),
(102, 4, 4),
(102, 4, 5),
(102, 4, 6),
(102, 4, 7),
(102, 4, 8),
(137, 4, 1),
(137, 4, 4),
(137, 4, 5),
(137, 4, 6),
(137, 4, 7),
(137, 4, 8),
(148, 4, 1),
(148, 4, 4),
(148, 4, 5),
(148, 4, 6),
(148, 4, 7),
(148, 4, 8),
(161, 4, 1),
(161, 4, 4),
(161, 4, 5),
(161, 4, 6),
(161, 4, 7),
(161, 4, 8),
(164, 4, 1),
(164, 4, 4),
(164, 4, 6),
(164, 4, 7),
(164, 4, 8),
(183, 4, 1),
(183, 4, 6),
(183, 4, 7),
(183, 4, 8),
(100, 5, 1),
(100, 5, 4),
(100, 5, 5),
(100, 5, 6),
(100, 5, 7),
(100, 5, 8),
(102, 5, 1),
(102, 5, 4),
(102, 5, 5),
(102, 5, 6),
(102, 5, 7),
(102, 5, 8),
(132, 5, 1),
(132, 5, 4),
(132, 5, 5),
(132, 5, 6),
(132, 5, 7),
(132, 5, 8),
(175, 6, 1),
(175, 6, 4),
(175, 6, 5),
(175, 6, 6),
(175, 6, 7),
(175, 6, 8),
(176, 6, 1),
(176, 6, 4),
(176, 6, 5),
(176, 6, 6),
(176, 6, 7),
(176, 6, 8),
(184, 6, 1),
(184, 6, 6),
(184, 6, 7),
(184, 6, 8);

-- --------------------------------------------------------

--
-- Structure de la table `orders`
--

DROP TABLE IF EXISTS `orders`;
CREATE TABLE IF NOT EXISTS `orders` (
  `id` int(11) NOT NULL AUTO_INCREMENT,
  `product` varchar(250) NOT NULL,
  `name_product` varchar(50) DEFAULT NULL,
  `description` text,
  `price` int(11) NOT NULL,
  `quantity` int(11) NOT NULL,
  `name_client` varchar(250) DEFAULT NULL,
  `first_name_client` varchar(50) DEFAULT NULL,
  `adress` text,
  `email_client` varchar(250) NOT NULL,
  PRIMARY KEY (`id`)
) ENGINE=InnoDB DEFAULT CHARSET=utf8;

-- --------------------------------------------------------

--
-- Structure de la table `pictures`
--

DROP TABLE IF EXISTS `pictures`;
CREATE TABLE IF NOT EXISTS `pictures` (
  `id` int(11) NOT NULL AUTO_INCREMENT,
  `chemin` varchar(250) NOT NULL,
  `name` varchar(250) NOT NULL,
  PRIMARY KEY (`id`)
) ENGINE=InnoDB AUTO_INCREMENT=771 DEFAULT CHARSET=utf8;

--
-- Déchargement des données de la table `pictures`
--

INSERT INTO `pictures` (`id`, `chemin`, `name`) VALUES
(142, 'uploads/298010wb-emp.jpg', '298010wb-emp.jpg'),
(143, 'uploads/298010wa2-emp.jpg', '298010wa2-emp.jpg'),
(144, 'uploads/298010wa-emp.jpg', '298010wa-emp.jpg'),
(145, 'uploads/298010d3-emp.jpg', '298010d3-emp.jpg'),
(146, 'uploads/298010d2-emp.jpg', '298010d2-emp.jpg'),
(147, 'uploads/298010d-emp.jpg', '298010d-emp.jpg'),
(148, 'uploads/298010b-emp.jpg', '298010b-emp.jpg'),
(149, 'uploads/298010a-emp.jpg', '298010a-emp.jpg'),
(150, 'uploads/279358wb2-emp.jpg', '279358wb2-emp.jpg'),
(151, 'uploads/279358wb-emp.jpg', '279358wb-emp.jpg'),
(152, 'uploads/279358wa2-emp.jpg', '279358wa2-emp.jpg'),
(153, 'uploads/279358wa-emp.jpg', '279358wa-emp.jpg'),
(154, 'uploads/279358d3-emp.jpg', '279358d3-emp.jpg'),
(155, 'uploads/279358d2-emp.jpg', '279358d2-emp.jpg'),
(156, 'uploads/279358d1-emp.jpg', '279358d1-emp.jpg'),
(157, 'uploads/279358d-emp.jpg', '279358d-emp.jpg'),
(158, 'uploads/279358d4-emp.jpg', '279358d4-emp.jpg'),
(159, 'uploads/279358c-emp.jpg', '279358c-emp.jpg'),
(160, 'uploads/279358b.jpg', '279358b.jpg'),
(161, 'uploads/279358a.jpg', '279358a.jpg'),
(162, 'uploads/320733wb.jpg', '320733wb.jpg'),
(163, 'uploads/320733wa2.jpg', '320733wa2.jpg'),
(164, 'uploads/320733wa.jpg', '320733wa.jpg'),
(165, 'uploads/320733d3.jpg', '320733d3.jpg'),
(166, 'uploads/320733d2.jpg', '320733d2.jpg'),
(167, 'uploads/320733d.jpg', '320733d.jpg'),
(168, 'uploads/320733b.jpg', '320733b.jpg'),
(169, 'uploads/320733a.jpg', '320733a.jpg'),
(170, 'uploads/342598e-emp.jpg', '342598e-emp.jpg'),
(171, 'uploads/342598wb-emp.jpg', '342598wb-emp.jpg'),
(172, 'uploads/342598wa2-emp.jpg', '342598wa2-emp.jpg'),
(173, 'uploads/342598wa-emp.jpg', '342598wa-emp.jpg'),
(174, 'uploads/342598d3-emp.jpg', '342598d3-emp.jpg'),
(175, 'uploads/342598d2-emp.jpg', '342598d2-emp.jpg'),
(176, 'uploads/342598d-emp.jpg', '342598d-emp.jpg'),
(177, 'uploads/342598d4-emp.jpg', '342598d4-emp.jpg'),
(178, 'uploads/342598b-emp.jpg', '342598b-emp.jpg'),
(179, 'uploads/342598a-emp.jpg', '342598a-emp.jpg'),
(180, 'uploads/342598zb-emp.jpg', '342598zb-emp.jpg'),
(181, 'uploads/342598za-emp.jpg', '342598za-emp.jpg'),
(182, 'uploads/318087wb.jpg', '318087wb.jpg'),
(183, 'uploads/318087wa2.jpg', '318087wa2.jpg'),
(184, 'uploads/318087wa.jpg', '318087wa.jpg'),
(185, 'uploads/318087d.jpg', '318087d.jpg'),
(186, 'uploads/318087b.jpg', '318087b.jpg'),
(187, 'uploads/318087a.jpg', '318087a.jpg'),
(188, 'uploads/298021d3-emp.jpg', '298021d3-emp.jpg'),
(189, 'uploads/298021d2-emp.jpg', '298021d2-emp.jpg'),
(190, 'uploads/298021d.jpg', '298021d.jpg'),
(191, 'uploads/298021b.jpg', '298021b.jpg'),
(192, 'uploads/298021a-emp.jpg', '298021a-emp.jpg'),
(193, 'uploads/185206wb-emp.jpg', '185206wb-emp.jpg'),
(194, 'uploads/185206wa2-emp.jpg', '185206wa2-emp.jpg'),
(195, 'uploads/185206wa-emp.jpg', '185206wa-emp.jpg'),
(196, 'uploads/185206b-emp.jpg', '185206b-emp.jpg'),
(197, 'uploads/185206a-emp.jpg', '185206a-emp.jpg'),
(198, 'uploads/185206zb-emp.jpg', '185206zb-emp.jpg'),
(199, 'uploads/185206za-emp.jpg', '185206za-emp.jpg'),
(200, 'uploads/444016wb.jpg', '444016wb.jpg'),
(201, 'uploads/444016wa2.jpg', '444016wa2.jpg'),
(202, 'uploads/444016wa.jpg', '444016wa.jpg'),
(203, 'uploads/444016d2.jpg', '444016d2.jpg'),
(204, 'uploads/444016d.jpg', '444016d.jpg'),
(205, 'uploads/444016zb.jpg', '444016zb.jpg'),
(206, 'uploads/444016za.jpg', '444016za.jpg'),
(207, 'uploads/185206wb-emp.jpg', '185206wb-emp.jpg'),
(208, 'uploads/185206wa2-emp.jpg', '185206wa2-emp.jpg'),
(209, 'uploads/185206wa-emp.jpg', '185206wa-emp.jpg'),
(210, 'uploads/185206b-emp.jpg', '185206b-emp.jpg'),
(211, 'uploads/185206a-emp.jpg', '185206a-emp.jpg'),
(212, 'uploads/185206zb-emp.jpg', '185206zb-emp.jpg'),
(213, 'uploads/185206za-emp.jpg', '185206za-emp.jpg'),
(214, 'uploads/340631wb.jpg', '340631wb.jpg'),
(215, 'uploads/340631wa2.jpg', '340631wa2.jpg'),
(216, 'uploads/340631wa.jpg', '340631wa.jpg'),
(217, 'uploads/340631d6-emp.jpg', '340631d6-emp.jpg'),
(218, 'uploads/340631d5-emp.jpg', '340631d5-emp.jpg'),
(219, 'uploads/340631d4.jpg', '340631d4.jpg'),
(220, 'uploads/340631d2-emp.jpg', '340631d2-emp.jpg'),
(221, 'uploads/340631d.jpg', '340631d.jpg'),
(222, 'uploads/340631b.jpg', '340631b.jpg'),
(223, 'uploads/340631a.jpg', '340631a.jpg'),
(224, 'uploads/340631zb.jpg', '340631zb.jpg'),
(225, 'uploads/340631za.jpg', '340631za.jpg'),
(226, 'uploads/464963d.jpg', '464963d.jpg'),
(227, 'uploads/464963b.jpg', '464963b.jpg'),
(228, 'uploads/464963a.jpg', '464963a.jpg'),
(229, 'uploads/326062wb-emp.jpg', '326062wb-emp.jpg'),
(230, 'uploads/326062wa2-emp.jpg', '326062wa2-emp.jpg'),
(231, 'uploads/326062wa-emp.jpg', '326062wa-emp.jpg'),
(232, 'uploads/326062d.jpg', '326062d.jpg'),
(233, 'uploads/326062b.jpg', '326062b.jpg'),
(234, 'uploads/326062a.jpg', '326062a.jpg'),
(235, 'uploads/279638wb.jpg', '279638wb.jpg'),
(236, 'uploads/279638wa.jpg', '279638wa.jpg'),
(237, 'uploads/279638d.jpg', '279638d.jpg'),
(238, 'uploads/279638b.jpg', '279638b.jpg'),
(239, 'uploads/279638a.jpg', '279638a.jpg'),
(240, 'uploads/279638zb.jpg', '279638zb.jpg'),
(241, 'uploads/279638za.jpg', '279638za.jpg'),
(242, 'uploads/340632wb-emp.jpg', '340632wb-emp.jpg'),
(243, 'uploads/340632wa2-emp.jpg', '340632wa2-emp.jpg'),
(244, 'uploads/340632wa-emp.jpg', '340632wa-emp.jpg'),
(245, 'uploads/340632d3-emp.jpg', '340632d3-emp.jpg'),
(246, 'uploads/340632d2-emp.jpg', '340632d2-emp.jpg'),
(247, 'uploads/340632d-emp.jpg', '340632d-emp.jpg'),
(248, 'uploads/340632d7-emp.jpg', '340632d7-emp.jpg'),
(249, 'uploads/340632d6-emp.jpg', '340632d6-emp.jpg'),
(250, 'uploads/340632d5-emp.jpg', '340632d5-emp.jpg'),
(251, 'uploads/340632d4-emp.jpg', '340632d4-emp.jpg'),
(252, 'uploads/340632b.jpg', '340632b.jpg'),
(253, 'uploads/340632a.jpg', '340632a.jpg'),
(254, 'uploads/340632zb.jpg', '340632zb.jpg'),
(255, 'uploads/340632za.jpg', '340632za.jpg'),
(256, 'uploads/456634wb.jpg', '456634wb.jpg'),
(257, 'uploads/456634wa2.jpg', '456634wa2.jpg'),
(258, 'uploads/456634wa.jpg', '456634wa.jpg'),
(259, 'uploads/456634d.jpg', '456634d.jpg'),
(260, 'uploads/456634b.jpg', '456634b.jpg'),
(261, 'uploads/456634a.jpg', '456634a.jpg'),
(262, 'uploads/176977wb.jpg', '176977wb.jpg'),
(263, 'uploads/176977wa2.jpg', '176977wa2.jpg'),
(264, 'uploads/176977wa.jpg', '176977wa.jpg'),
(265, 'uploads/176977d.jpg', '176977d.jpg'),
(266, 'uploads/176977b.jpg', '176977b.jpg'),
(267, 'uploads/176977a.jpg', '176977a.jpg'),
(268, 'uploads/453170wb.jpg', '453170wb.jpg'),
(269, 'uploads/453170wa2.jpg', '453170wa2.jpg'),
(270, 'uploads/453170wa.jpg', '453170wa.jpg'),
(271, 'uploads/453170c2.jpg', '453170c2.jpg'),
(272, 'uploads/453170d.jpg', '453170d.jpg'),
(273, 'uploads/453170c.jpg', '453170c.jpg'),
(274, 'uploads/453170b.jpg', '453170b.jpg'),
(275, 'uploads/453170a.jpg', '453170a.jpg'),
(276, 'uploads/228664wc2.jpg', '228664wc2.jpg'),
(277, 'uploads/228664wc.jpg', '228664wc.jpg'),
(278, 'uploads/228664wb.jpg', '228664wb.jpg'),
(279, 'uploads/228664wa.jpg', '228664wa.jpg'),
(280, 'uploads/228664d.jpg', '228664d.jpg'),
(281, 'uploads/228664a.jpg', '228664a.jpg'),
(282, 'uploads/392584d.jpg', '392584d.jpg'),
(283, 'uploads/392584a.jpg', '392584a.jpg'),
(284, 'uploads/343002zb.jpg', '343002zb.jpg'),
(285, 'uploads/343002za.jpg', '343002za.jpg'),
(286, 'uploads/343002wb.jpg', '343002wb.jpg'),
(287, 'uploads/343002wa.jpg', '343002wa.jpg'),
(288, 'uploads/343002d2-emp.jpg', '343002d2-emp.jpg'),
(289, 'uploads/343002d-emp.jpg', '343002d-emp.jpg'),
(290, 'uploads/343002b-emp.jpg', '343002b-emp.jpg'),
(291, 'uploads/343002a-emp.jpg', '343002a-emp.jpg'),
(292, 'uploads/377496zb.jpg', '377496zb.jpg'),
(293, 'uploads/377496za.jpg', '377496za.jpg'),
(294, 'uploads/377496wb.jpg', '377496wb.jpg'),
(295, 'uploads/377496wa.jpg', '377496wa.jpg'),
(296, 'uploads/377496d3.jpg', '377496d3.jpg'),
(297, 'uploads/377496d2.jpg', '377496d2.jpg'),
(298, 'uploads/377496d4.jpg', '377496d4.jpg'),
(299, 'uploads/377496d.jpg', '377496d.jpg'),
(300, 'uploads/377496b.jpg', '377496b.jpg'),
(301, 'uploads/377496a.jpg', '377496a.jpg'),
(302, 'uploads/463492d.jpg', '463492d.jpg'),
(303, 'uploads/463492a.jpg', '463492a.jpg'),
(304, 'uploads/392585za.jpg', '392585za.jpg'),
(305, 'uploads/392585d2.jpg', '392585d2.jpg'),
(306, 'uploads/392585d.jpg', '392585d.jpg'),
(307, 'uploads/392585b.jpg', '392585b.jpg'),
(308, 'uploads/392585a.jpg', '392585a.jpg'),
(309, 'uploads/379498wb.jpg', '379498wb.jpg'),
(310, 'uploads/379498wa.jpg', '379498wa.jpg'),
(311, 'uploads/379498d.jpg', '379498d.jpg'),
(312, 'uploads/379498b.jpg', '379498b.jpg'),
(313, 'uploads/379498a.jpg', '379498a.jpg'),
(314, 'uploads/250766wb-emp.jpg', '250766wb-emp.jpg'),
(315, 'uploads/250766wa-emp.jpg', '250766wa-emp.jpg'),
(316, 'uploads/250766d-emp.jpg', '250766d-emp.jpg'),
(317, 'uploads/250766br-emp.jpg', '250766br-emp.jpg'),
(318, 'uploads/250766a-emp.jpg', '250766a-emp.jpg'),
(319, 'uploads/381382za.jpg', '381382za.jpg'),
(320, 'uploads/381382wb.jpg', '381382wb.jpg'),
(321, 'uploads/381382wa.jpg', '381382wa.jpg'),
(322, 'uploads/381382d2.jpg', '381382d2.jpg'),
(323, 'uploads/381382d.jpg', '381382d.jpg'),
(324, 'uploads/381382b.jpg', '381382b.jpg'),
(325, 'uploads/381382a.jpg', '381382a.jpg'),
(326, 'uploads/321349wb-emp.jpg', '321349wb-emp.jpg'),
(327, 'uploads/321349wa-emp.jpg', '321349wa-emp.jpg'),
(328, 'uploads/321349d3-emp.jpg', '321349d3-emp.jpg'),
(329, 'uploads/321349d2-emp.jpg', '321349d2-emp.jpg'),
(330, 'uploads/321349d-emp.jpg', '321349d-emp.jpg'),
(331, 'uploads/321349d4-emp.jpg', '321349d4-emp.jpg'),
(332, 'uploads/321349b-emp.jpg', '321349b-emp.jpg'),
(333, 'uploads/321349a-emp.jpg', '321349a-emp.jpg'),
(334, 'uploads/342704zb.jpg', '342704zb.jpg'),
(335, 'uploads/342704za.jpg', '342704za.jpg'),
(336, 'uploads/342704wb-emp.jpg', '342704wb-emp.jpg'),
(337, 'uploads/342704wa-emp.jpg', '342704wa-emp.jpg'),
(338, 'uploads/342704d3-emp.jpg', '342704d3-emp.jpg'),
(339, 'uploads/342704d2-emp.jpg', '342704d2-emp.jpg'),
(340, 'uploads/342704d-emp.jpg', '342704d-emp.jpg'),
(341, 'uploads/342704b-emp.jpg', '342704b-emp.jpg'),
(342, 'uploads/342704a-emp.jpg', '342704a-emp.jpg'),
(343, 'uploads/369541e.jpg', '369541e.jpg'),
(344, 'uploads/369541wb.jpg', '369541wb.jpg'),
(345, 'uploads/369541wa.jpg', '369541wa.jpg'),
(346, 'uploads/369541d2.jpg', '369541d2.jpg'),
(347, 'uploads/369541d.jpg', '369541d.jpg'),
(348, 'uploads/369541b.jpg', '369541b.jpg'),
(349, 'uploads/369541a.jpg', '369541a.jpg'),
(350, 'uploads/475892wb.jpg', '475892wb.jpg'),
(351, 'uploads/475892wa.jpg', '475892wa.jpg'),
(352, 'uploads/475892d.jpg', '475892d.jpg'),
(353, 'uploads/475892b.jpg', '475892b.jpg'),
(354, 'uploads/475892a.jpg', '475892a.jpg'),
(355, 'uploads/456578wb.jpg', '456578wb.jpg'),
(356, 'uploads/456578wa.jpg', '456578wa.jpg'),
(357, 'uploads/456578d.jpg', '456578d.jpg'),
(358, 'uploads/456578b.jpg', '456578b.jpg'),
(359, 'uploads/456578a.jpg', '456578a.jpg'),
(360, 'uploads/130109wb-emp.jpg', '130109wb-emp.jpg'),
(361, 'uploads/130109wa.jpg', '130109wa.jpg'),
(362, 'uploads/130109d2-emp.jpg', '130109d2-emp.jpg'),
(363, 'uploads/130109d-emp.jpg', '130109d-emp.jpg'),
(364, 'uploads/130109c-emp.jpg', '130109c-emp.jpg'),
(365, 'uploads/130109b-emp.jpg', '130109b-emp.jpg'),
(366, 'uploads/130109a-emp.jpg', '130109a-emp.jpg'),
(367, 'uploads/343005d3.jpg', '343005d3.jpg'),
(368, 'uploads/343005d2.jpg', '343005d2.jpg'),
(369, 'uploads/343005d.jpg', '343005d.jpg'),
(370, 'uploads/343005c.jpg', '343005c.jpg'),
(371, 'uploads/343005b.jpg', '343005b.jpg'),
(372, 'uploads/343005a.jpg', '343005a.jpg'),
(373, 'uploads/343005.jpg', '343005.jpg'),
(374, 'uploads/390284wb.jpg', '390284wb.jpg'),
(375, 'uploads/390284wa.jpg', '390284wa.jpg'),
(376, 'uploads/390284d3.jpg', '390284d3.jpg'),
(377, 'uploads/390284d2.jpg', '390284d2.jpg'),
(378, 'uploads/390284d.jpg', '390284d.jpg'),
(379, 'uploads/390284b.jpg', '390284b.jpg'),
(380, 'uploads/390284a.jpg', '390284a.jpg'),
(381, 'uploads/368753wb.jpg', '368753wb.jpg'),
(382, 'uploads/368753wa.jpg', '368753wa.jpg'),
(383, 'uploads/368753d3.jpg', '368753d3.jpg'),
(384, 'uploads/368753d2.jpg', '368753d2.jpg'),
(385, 'uploads/368753d.jpg', '368753d.jpg'),
(386, 'uploads/368753b.jpg', '368753b.jpg'),
(387, 'uploads/368753a.jpg', '368753a.jpg'),
(388, 'uploads/440844d3.jpg', '440844d3.jpg'),
(389, 'uploads/440844d2.jpg', '440844d2.jpg'),
(390, 'uploads/440844d4.jpg', '440844d4.jpg'),
(391, 'uploads/440844d.jpg', '440844d.jpg'),
(392, 'uploads/440844c.jpg', '440844c.jpg'),
(393, 'uploads/440844b.jpg', '440844b.jpg'),
(394, 'uploads/440844a.jpg', '440844a.jpg'),
(395, 'uploads/440844.jpg', '440844.jpg'),
(396, 'uploads/397124wb.jpg', '397124wb.jpg'),
(397, 'uploads/397124wa.jpg', '397124wa.jpg'),
(398, 'uploads/397124d3.jpg', '397124d3.jpg'),
(399, 'uploads/397124d2.jpg', '397124d2.jpg'),
(400, 'uploads/397124d.jpg', '397124d.jpg'),
(401, 'uploads/397124c.jpg', '397124c.jpg'),
(402, 'uploads/397124b.jpg', '397124b.jpg'),
(403, 'uploads/397124a.jpg', '397124a.jpg'),
(404, 'uploads/455041wb.jpg', '455041wb.jpg'),
(405, 'uploads/455041wa.jpg', '455041wa.jpg'),
(406, 'uploads/455041d2.jpg', '455041d2.jpg'),
(407, 'uploads/455041d.jpg', '455041d.jpg'),
(408, 'uploads/455041b.jpg', '455041b.jpg'),
(409, 'uploads/455041a.jpg', '455041a.jpg'),
(410, 'uploads/391927zb.jpg', '391927zb.jpg'),
(411, 'uploads/391927za.jpg', '391927za.jpg'),
(412, 'uploads/391927wb.jpg', '391927wb.jpg'),
(413, 'uploads/391927wa.jpg', '391927wa.jpg'),
(414, 'uploads/391927d3.jpg', '391927d3.jpg'),
(415, 'uploads/391927d2.jpg', '391927d2.jpg'),
(416, 'uploads/391927d5.jpg', '391927d5.jpg'),
(417, 'uploads/391927d4.jpg', '391927d4.jpg'),
(418, 'uploads/391927d.jpg', '391927d.jpg'),
(419, 'uploads/391927c.jpg', '391927c.jpg'),
(420, 'uploads/391927b.jpg', '391927b.jpg'),
(421, 'uploads/391927a.jpg', '391927a.jpg'),
(422, 'uploads/391927.jpg', '391927.jpg'),
(423, 'uploads/330765e-emp.jpg', '330765e-emp.jpg'),
(424, 'uploads/330765zb-emp.jpg', '330765zb-emp.jpg'),
(425, 'uploads/330765za-emp.jpg', '330765za-emp.jpg'),
(426, 'uploads/330765wb-emp.jpg', '330765wb-emp.jpg'),
(427, 'uploads/330765wa-emp.jpg', '330765wa-emp.jpg'),
(428, 'uploads/330765d3-emp.jpg', '330765d3-emp.jpg'),
(429, 'uploads/330765d2-emp.jpg', '330765d2-emp.jpg'),
(430, 'uploads/330765d-emp.jpg', '330765d-emp.jpg'),
(431, 'uploads/330765b.jpg', '330765b.jpg'),
(432, 'uploads/330765a.jpg', '330765a.jpg'),
(433, 'uploads/386415zb.jpg', '386415zb.jpg'),
(434, 'uploads/386415za.jpg', '386415za.jpg'),
(435, 'uploads/386415wb.jpg', '386415wb.jpg'),
(436, 'uploads/386415wa.jpg', '386415wa.jpg'),
(437, 'uploads/386415d3.jpg', '386415d3.jpg'),
(438, 'uploads/386415d2.jpg', '386415d2.jpg'),
(439, 'uploads/386415d5.jpg', '386415d5.jpg'),
(440, 'uploads/386415d4.jpg', '386415d4.jpg'),
(441, 'uploads/386415d.jpg', '386415d.jpg'),
(442, 'uploads/386415c.jpg', '386415c.jpg'),
(443, 'uploads/386415b.jpg', '386415b.jpg'),
(444, 'uploads/386415a.jpg', '386415a.jpg'),
(445, 'uploads/386415.jpg', '386415.jpg'),
(446, 'uploads/295455wb.jpg', '295455wb.jpg'),
(447, 'uploads/295455wa.jpg', '295455wa.jpg'),
(448, 'uploads/295455d2.jpg', '295455d2.jpg'),
(449, 'uploads/295455d.jpg', '295455d.jpg'),
(450, 'uploads/295455b.jpg', '295455b.jpg'),
(451, 'uploads/295455a.jpg', '295455a.jpg'),
(452, 'uploads/295455.jpg', '295455.jpg'),
(453, 'uploads/524523d.jpg', '524523d.jpg'),
(454, 'uploads/524523b.jpg', '524523b.jpg'),
(455, 'uploads/524523a.jpg', '524523a.jpg'),
(456, 'uploads/458709wb.jpg', '458709wb.jpg'),
(457, 'uploads/458709wa.jpg', '458709wa.jpg'),
(458, 'uploads/458709d.jpg', '458709d.jpg'),
(459, 'uploads/458709b.jpg', '458709b.jpg'),
(460, 'uploads/458709a.jpg', '458709a.jpg'),
(461, 'uploads/346059wb-emp.jpg', '346059wb-emp.jpg'),
(462, 'uploads/346059wa2-emp.jpg', '346059wa2-emp.jpg'),
(463, 'uploads/346059wa-emp.jpg', '346059wa-emp.jpg'),
(464, 'uploads/346059d-emp.jpg', '346059d-emp.jpg'),
(465, 'uploads/346059b-emp.jpg', '346059b-emp.jpg'),
(466, 'uploads/346059a-emp.jpg', '346059a-emp.jpg'),
(467, 'uploads/529631wb.jpg', '529631wb.jpg'),
(468, 'uploads/529631wa.jpg', '529631wa.jpg'),
(469, 'uploads/529631d2.jpg', '529631d2.jpg'),
(470, 'uploads/529631d.jpg', '529631d.jpg'),
(471, 'uploads/529631b.jpg', '529631b.jpg'),
(472, 'uploads/529631a.jpg', '529631a.jpg'),
(473, 'uploads/468888wb.jpg', '468888wb.jpg'),
(474, 'uploads/468888wa2.jpg', '468888wa2.jpg'),
(475, 'uploads/468888wa.jpg', '468888wa.jpg'),
(476, 'uploads/468888d.jpg', '468888d.jpg'),
(477, 'uploads/468888b.jpg', '468888b.jpg'),
(478, 'uploads/468888a.jpg', '468888a.jpg'),
(479, 'uploads/322208wb-emp.jpg', '322208wb-emp.jpg'),
(480, 'uploads/322208wa2-emp.jpg', '322208wa2-emp.jpg'),
(481, 'uploads/322208wa-emp.jpg', '322208wa-emp.jpg'),
(482, 'uploads/322208d-emp.jpg', '322208d-emp.jpg'),
(483, 'uploads/322208b-emp.jpg', '322208b-emp.jpg'),
(484, 'uploads/322208a-emp.jpg', '322208a-emp.jpg'),
(485, 'uploads/287044wb-emp.jpg', '287044wb-emp.jpg'),
(486, 'uploads/287044wa2-emp.jpg', '287044wa2-emp.jpg'),
(487, 'uploads/287044wa-emp.jpg', '287044wa-emp.jpg'),
(488, 'uploads/287044d-emp.jpg', '287044d-emp.jpg'),
(489, 'uploads/287044b-emp.jpg', '287044b-emp.jpg'),
(490, 'uploads/287044a.jpg', '287044a.jpg'),
(491, 'uploads/390225wb.jpg', '390225wb.jpg'),
(492, 'uploads/390225wa.jpg', '390225wa.jpg'),
(493, 'uploads/390225d.jpg', '390225d.jpg'),
(494, 'uploads/390225b.jpg', '390225b.jpg'),
(495, 'uploads/390225a.jpg', '390225a.jpg'),
(496, 'uploads/526336wb.jpg', '526336wb.jpg'),
(497, 'uploads/526336wa.jpg', '526336wa.jpg'),
(498, 'uploads/526336d.jpg', '526336d.jpg'),
(499, 'uploads/526336b.jpg', '526336b.jpg'),
(500, 'uploads/526336a.jpg', '526336a.jpg'),
(501, 'uploads/522219d.jpg', '522219d.jpg'),
(502, 'uploads/522219b.jpg', '522219b.jpg'),
(503, 'uploads/522219a.jpg', '522219a.jpg'),
(504, 'uploads/511148wb.jpg', '511148wb.jpg'),
(505, 'uploads/511148wa2.jpg', '511148wa2.jpg'),
(506, 'uploads/511148wa.jpg', '511148wa.jpg'),
(507, 'uploads/511148d.jpg', '511148d.jpg'),
(508, 'uploads/511148b.jpg', '511148b.jpg'),
(509, 'uploads/511148a.jpg', '511148a.jpg'),
(510, 'uploads/236295wb-emp.jpg', '236295wb-emp.jpg'),
(511, 'uploads/236295wa-emp.jpg', '236295wa-emp.jpg'),
(512, 'uploads/236295d2-emp.jpg', '236295d2-emp.jpg'),
(513, 'uploads/236295d-emp.jpg', '236295d-emp.jpg'),
(514, 'uploads/236295b.jpg', '236295b.jpg'),
(515, 'uploads/236295a.jpg', '236295a.jpg'),
(516, 'uploads/450291wd.jpg', '450291wd.jpg'),
(517, 'uploads/450291wb.jpg', '450291wb.jpg'),
(518, 'uploads/450291wa.jpg', '450291wa.jpg'),
(519, 'uploads/450291d.jpg', '450291d.jpg'),
(520, 'uploads/450291b.jpg', '450291b.jpg'),
(521, 'uploads/450291a.jpg', '450291a.jpg'),
(522, 'uploads/450291.jpg', '450291.jpg'),
(523, 'uploads/288976wb-emp.jpg', '288976wb-emp.jpg'),
(524, 'uploads/288976wa2-emp.jpg', '288976wa2-emp.jpg'),
(525, 'uploads/288976d2-emp.jpg', '288976d2-emp.jpg'),
(526, 'uploads/288976d-emp.jpg', '288976d-emp.jpg'),
(527, 'uploads/288976b.jpg', '288976b.jpg'),
(528, 'uploads/288976a.jpg', '288976a.jpg'),
(529, 'uploads/461405wb.jpg', '461405wb.jpg'),
(530, 'uploads/461405wa.jpg', '461405wa.jpg'),
(531, 'uploads/461405d.jpg', '461405d.jpg'),
(532, 'uploads/461405c.jpg', '461405c.jpg'),
(533, 'uploads/461405b.jpg', '461405b.jpg'),
(534, 'uploads/461405a.jpg', '461405a.jpg'),
(535, 'uploads/263709wb-emp.jpg', '263709wb-emp.jpg'),
(536, 'uploads/263709wa-emp.jpg', '263709wa-emp.jpg'),
(537, 'uploads/263709a-emp.jpg', '263709a-emp.jpg'),
(538, 'uploads/445280wb.jpg', '445280wb.jpg'),
(539, 'uploads/445280wa.jpg', '445280wa.jpg'),
(540, 'uploads/445280d.jpg', '445280d.jpg'),
(541, 'uploads/445280b.jpg', '445280b.jpg'),
(542, 'uploads/445280a.jpg', '445280a.jpg'),
(543, 'uploads/343852wb-emp.jpg', '343852wb-emp.jpg'),
(544, 'uploads/343852wa-emp.jpg', '343852wa-emp.jpg'),
(545, 'uploads/343852d-emp.jpg', '343852d-emp.jpg'),
(546, 'uploads/343852b-emp.jpg', '343852b-emp.jpg'),
(547, 'uploads/343852a-emp.jpg', '343852a-emp.jpg'),
(548, 'uploads/350596e-emp.jpg', '350596e-emp.jpg'),
(549, 'uploads/350596wb-emp.jpg', '350596wb-emp.jpg'),
(550, 'uploads/350596wa-emp.jpg', '350596wa-emp.jpg'),
(551, 'uploads/350596d-emp.jpg', '350596d-emp.jpg'),
(552, 'uploads/350596b-emp.jpg', '350596b-emp.jpg'),
(553, 'uploads/350596a-emp.jpg', '350596a-emp.jpg'),
(554, 'uploads/485748wb.jpg', '485748wb.jpg'),
(555, 'uploads/485748wa.jpg', '485748wa.jpg'),
(556, 'uploads/485748d.jpg', '485748d.jpg'),
(557, 'uploads/485748b.jpg', '485748b.jpg'),
(558, 'uploads/485748a.jpg', '485748a.jpg'),
(559, 'uploads/346061wb.jpg', '346061wb.jpg'),
(560, 'uploads/346061wa.jpg', '346061wa.jpg'),
(561, 'uploads/346061d3.jpg', '346061d3.jpg'),
(562, 'uploads/346061d2.jpg', '346061d2.jpg'),
(563, 'uploads/346061d.jpg', '346061d.jpg'),
(564, 'uploads/346061b.jpg', '346061b.jpg'),
(565, 'uploads/346061a.jpg', '346061a.jpg'),
(566, 'uploads/349638e.jpg', '349638e.jpg'),
(567, 'uploads/349638wb-emp.jpg', '349638wb-emp.jpg'),
(568, 'uploads/349638wa-emp.jpg', '349638wa-emp.jpg'),
(569, 'uploads/349638d-emp.jpg', '349638d-emp.jpg'),
(570, 'uploads/349638b-emp.jpg', '349638b-emp.jpg'),
(571, 'uploads/349638a.jpg', '349638a.jpg'),
(572, 'uploads/343050wb-emp.jpg', '343050wb-emp.jpg'),
(573, 'uploads/343050wa-emp.jpg', '343050wa-emp.jpg'),
(574, 'uploads/343050d-emp.jpg', '343050d-emp.jpg'),
(575, 'uploads/343050b-emp.jpg', '343050b-emp.jpg'),
(576, 'uploads/343050a-emp.jpg', '343050a-emp.jpg'),
(577, 'uploads/465067wa.jpg', '465067wa.jpg'),
(578, 'uploads/465067d.jpg', '465067d.jpg'),
(579, 'uploads/465067b.jpg', '465067b.jpg'),
(580, 'uploads/465067a.jpg', '465067a.jpg'),
(581, 'uploads/467743d.jpg', '467743d.jpg'),
(582, 'uploads/467743b.jpg', '467743b.jpg'),
(583, 'uploads/467743a.jpg', '467743a.jpg'),
(584, 'uploads/382864wb.jpg', '382864wb.jpg'),
(585, 'uploads/382864wa.jpg', '382864wa.jpg'),
(586, 'uploads/382864d2.jpg', '382864d2.jpg'),
(587, 'uploads/382864d.jpg', '382864d.jpg'),
(588, 'uploads/382864b.jpg', '382864b.jpg'),
(589, 'uploads/382864a.jpg', '382864a.jpg'),
(590, 'uploads/382864.jpg', '382864.jpg'),
(591, 'uploads/504416wb.jpg', '504416wb.jpg'),
(592, 'uploads/504416wa.jpg', '504416wa.jpg'),
(593, 'uploads/504416d.jpg', '504416d.jpg'),
(594, 'uploads/504416b.jpg', '504416b.jpg'),
(595, 'uploads/504416a.jpg', '504416a.jpg'),
(596, 'uploads/251821wb-emp.jpg', '251821wb-emp.jpg'),
(597, 'uploads/251821wa-emp.jpg', '251821wa-emp.jpg'),
(598, 'uploads/251821d2-emp.jpg', '251821d2-emp.jpg'),
(599, 'uploads/251821d-emp.jpg', '251821d-emp.jpg'),
(600, 'uploads/251821bm-emp.jpg', '251821bm-emp.jpg'),
(601, 'uploads/251821b-emp.jpg', '251821b-emp.jpg'),
(602, 'uploads/251821am-emp.jpg', '251821am-emp.jpg'),
(603, 'uploads/251821a-emp.jpg', '251821a-emp.jpg'),
(604, 'uploads/484079wb.jpg', '484079wb.jpg'),
(605, 'uploads/484079wa2.jpg', '484079wa2.jpg'),
(606, 'uploads/484079wa.jpg', '484079wa.jpg'),
(607, 'uploads/484079d.jpg', '484079d.jpg'),
(608, 'uploads/484079b.jpg', '484079b.jpg'),
(609, 'uploads/484079a.jpg', '484079a.jpg'),
(610, 'uploads/464843wb.jpg', '464843wb.jpg'),
(611, 'uploads/464843wa2.jpg', '464843wa2.jpg'),
(612, 'uploads/464843wa.jpg', '464843wa.jpg'),
(613, 'uploads/464843d2.jpg', '464843d2.jpg'),
(614, 'uploads/464843b.jpg', '464843b.jpg'),
(615, 'uploads/464843a.jpg', '464843a.jpg'),
(616, 'uploads/395474wb.jpg', '395474wb.jpg'),
(617, 'uploads/395474wa2.jpg', '395474wa2.jpg'),
(618, 'uploads/395474wa.jpg', '395474wa.jpg'),
(619, 'uploads/395474d.jpg', '395474d.jpg'),
(620, 'uploads/395474b.jpg', '395474b.jpg'),
(621, 'uploads/395474a.jpg', '395474a.jpg'),
(622, 'uploads/343722wb.jpg', '343722wb.jpg'),
(623, 'uploads/343722wa2.jpg', '343722wa2.jpg'),
(624, 'uploads/343722wa.jpg', '343722wa.jpg'),
(625, 'uploads/343722d2.jpg', '343722d2.jpg'),
(626, 'uploads/343722d.jpg', '343722d.jpg'),
(627, 'uploads/343722b.jpg', '343722b.jpg'),
(628, 'uploads/343722a.jpg', '343722a.jpg'),
(629, 'uploads/279368wb-emp.jpg', '279368wb-emp.jpg'),
(630, 'uploads/279368wa2-emp.jpg', '279368wa2-emp.jpg'),
(631, 'uploads/279368wa-emp.jpg', '279368wa-emp.jpg'),
(632, 'uploads/279368d-emp.jpg', '279368d-emp.jpg'),
(633, 'uploads/279368c-emp.jpg', '279368c-emp.jpg'),
(634, 'uploads/279368b.jpg', '279368b.jpg'),
(635, 'uploads/279368a2-emp.jpg', '279368a2-emp.jpg'),
(636, 'uploads/279368a-emp.jpg', '279368a-emp.jpg'),
(637, 'uploads/322378wb-emp.jpg', '322378wb-emp.jpg'),
(638, 'uploads/322378wa2-emp.jpg', '322378wa2-emp.jpg'),
(639, 'uploads/322378wa-emp.jpg', '322378wa-emp.jpg'),
(640, 'uploads/322378d3-emp.jpg', '322378d3-emp.jpg'),
(641, 'uploads/322378d2-emp.jpg', '322378d2-emp.jpg'),
(642, 'uploads/322378d-emp.jpg', '322378d-emp.jpg'),
(643, 'uploads/322378b-emp.jpg', '322378b-emp.jpg'),
(644, 'uploads/322378a-emp.jpg', '322378a-emp.jpg'),
(645, 'uploads/320524wb.jpg', '320524wb.jpg'),
(646, 'uploads/320524wa2.jpg', '320524wa2.jpg'),
(647, 'uploads/320524wa.jpg', '320524wa.jpg'),
(648, 'uploads/320524d3-emp.jpg', '320524d3-emp.jpg'),
(649, 'uploads/320524d2-emp.jpg', '320524d2-emp.jpg'),
(650, 'uploads/320524d.jpg', '320524d.jpg'),
(651, 'uploads/320524b.jpg', '320524b.jpg'),
(652, 'uploads/320524a.jpg', '320524a.jpg'),
(653, 'uploads/349626wb2-emp.jpg', '349626wb2-emp.jpg'),
(654, 'uploads/349626wb-emp.jpg', '349626wb-emp.jpg'),
(655, 'uploads/349626wa2-emp.jpg', '349626wa2-emp.jpg'),
(656, 'uploads/349626wa-emp.jpg', '349626wa-emp.jpg'),
(657, 'uploads/349626d-emp.jpg', '349626d-emp.jpg'),
(658, 'uploads/349626c-emp.jpg', '349626c-emp.jpg'),
(659, 'uploads/349626b-emp.jpg', '349626b-emp.jpg'),
(660, 'uploads/349626a-emp.jpg', '349626a-emp.jpg'),
(661, 'uploads/493699wb.jpg', '493699wb.jpg'),
(662, 'uploads/493699wa2.jpg', '493699wa2.jpg'),
(663, 'uploads/493699wa.jpg', '493699wa.jpg'),
(664, 'uploads/493699d3.jpg', '493699d3.jpg'),
(665, 'uploads/493699d2.jpg', '493699d2.jpg'),
(666, 'uploads/493699d.jpg', '493699d.jpg'),
(667, 'uploads/493699b.jpg', '493699b.jpg'),
(668, 'uploads/493699a.jpg', '493699a.jpg'),
(669, 'uploads/391379wb.jpg', '391379wb.jpg'),
(670, 'uploads/391379wa.jpg', '391379wa.jpg'),
(671, 'uploads/391379d.jpg', '391379d.jpg'),
(672, 'uploads/391379b.jpg', '391379b.jpg'),
(673, 'uploads/391379a.jpg', '391379a.jpg'),
(674, 'uploads/465675wb.jpg', '465675wb.jpg'),
(675, 'uploads/465675wa2.jpg', '465675wa2.jpg'),
(676, 'uploads/465675wa.jpg', '465675wa.jpg'),
(677, 'uploads/465675d.jpg', '465675d.jpg'),
(678, 'uploads/465675b.jpg', '465675b.jpg'),
(679, 'uploads/465675a.jpg', '465675a.jpg'),
(680, 'uploads/471672wb.jpg', '471672wb.jpg'),
(681, 'uploads/471672wa2.jpg', '471672wa2.jpg'),
(682, 'uploads/471672wa.jpg', '471672wa.jpg'),
(683, 'uploads/471672d.jpg', '471672d.jpg'),
(684, 'uploads/471672b.jpg', '471672b.jpg'),
(685, 'uploads/471672a.jpg', '471672a.jpg'),
(686, 'uploads/387157wb.jpg', '387157wb.jpg'),
(687, 'uploads/387157wa2.jpg', '387157wa2.jpg'),
(688, 'uploads/387157wa.jpg', '387157wa.jpg'),
(689, 'uploads/387157d.jpg', '387157d.jpg'),
(690, 'uploads/387157b.jpg', '387157b.jpg'),
(691, 'uploads/387157a.jpg', '387157a.jpg'),
(692, 'uploads/496747d.jpg', '496747d.jpg'),
(693, 'uploads/496747b.jpg', '496747b.jpg'),
(694, 'uploads/496747a.jpg', '496747a.jpg'),
(695, 'uploads/537836d.jpg', '537836d.jpg'),
(696, 'uploads/537836b.jpg', '537836b.jpg'),
(697, 'uploads/537836a.jpg', '537836a.jpg'),
(698, 'uploads/537841d.jpg', '537841d.jpg'),
(699, 'uploads/537841b.jpg', '537841b.jpg'),
(700, 'uploads/537841a.jpg', '537841a.jpg'),
(701, 'uploads/516912d.jpg', '516912d.jpg'),
(702, 'uploads/516912c.jpg', '516912c.jpg'),
(703, 'uploads/516912b.jpg', '516912b.jpg'),
(704, 'uploads/516912a.jpg', '516912a.jpg'),
(705, 'uploads/514546d.jpg', '514546d.jpg'),
(706, 'uploads/514546b.jpg', '514546b.jpg'),
(707, 'uploads/514546a.jpg', '514546a.jpg'),
(708, 'uploads/528253wa.jpg', '528253wa.jpg'),
(709, 'uploads/528253d.jpg', '528253d.jpg'),
(710, 'uploads/528253b.jpg', '528253b.jpg'),
(711, 'uploads/528253a.jpg', '528253a.jpg'),
(712, 'uploads/393122zb.jpg', '393122zb.jpg'),
(713, 'uploads/393122za.jpg', '393122za.jpg'),
(714, 'uploads/393122d3.jpg', '393122d3.jpg'),
(715, 'uploads/393122d2.jpg', '393122d2.jpg'),
(716, 'uploads/393122d.jpg', '393122d.jpg'),
(717, 'uploads/393122b.jpg', '393122b.jpg'),
(718, 'uploads/393122a.jpg', '393122a.jpg'),
(719, 'uploads/525013d.jpg', '525013d.jpg'),
(720, 'uploads/525013b.jpg', '525013b.jpg'),
(721, 'uploads/525013a.jpg', '525013a.jpg'),
(722, 'uploads/527836d.jpg', '527836d.jpg'),
(723, 'uploads/527836b.jpg', '527836b.jpg'),
(724, 'uploads/527836a.jpg', '527836a.jpg'),
(725, 'uploads/525853d.jpg', '525853d.jpg'),
(726, 'uploads/525853b.jpg', '525853b.jpg'),
(727, 'uploads/525853a.jpg', '525853a.jpg'),
(728, 'uploads/485053d.jpg', '485053d.jpg'),
(729, 'uploads/485053a.jpg', '485053a.jpg'),
(730, 'uploads/480526d.jpg', '480526d.jpg'),
(731, 'uploads/480526a.jpg', '480526a.jpg'),
(732, 'uploads/507798wa.jpg', '507798wa.jpg'),
(733, 'uploads/507798d.jpg', '507798d.jpg'),
(734, 'uploads/507798a.jpg', '507798a.jpg'),
(735, 'uploads/regular.jpg', 'regular.jpg'),
(736, 'uploads/537831d.jpg', '537831d.jpg'),
(737, 'uploads/537831b.jpg', '537831b.jpg'),
(738, 'uploads/537831a.jpg', '537831a.jpg'),
(739, 'uploads/487393d.jpg', '487393d.jpg'),
(740, 'uploads/487393b.jpg', '487393b.jpg'),
(741, 'uploads/487393a.jpg', '487393a.jpg'),
(742, 'uploads/462840wa.jpg', '462840wa.jpg'),
(743, 'uploads/462840d.jpg', '462840d.jpg'),
(744, 'uploads/462840a.jpg', '462840a.jpg'),
(745, 'uploads/486803wa.jpg', '486803wa.jpg'),
(746, 'uploads/486803d.jpg', '486803d.jpg'),
(747, 'uploads/486803a.jpg', '486803a.jpg'),
(748, 'uploads/490175d.jpg', '490175d.jpg'),
(749, 'uploads/490175a.jpg', '490175a.jpg'),
(750, 'uploads/516911d.jpg', '516911d.jpg'),
(751, 'uploads/516911b.jpg', '516911b.jpg'),
(752, 'uploads/516911a.jpg', '516911a.jpg'),
(753, 'uploads/527248d.jpg', '527248d.jpg'),
(754, 'uploads/527248b.jpg', '527248b.jpg'),
(755, 'uploads/527248a.jpg', '527248a.jpg'),
(756, 'uploads/462859wa.jpg', '462859wa.jpg'),
(757, 'uploads/462859d.jpg', '462859d.jpg'),
(758, 'uploads/462859a.jpg', '462859a.jpg'),
(759, 'uploads/504657d.jpg', '504657d.jpg'),
(760, 'uploads/504657a.jpg', '504657a.jpg'),
(761, 'uploads/462867wa.jpg', '462867wa.jpg'),
(762, 'uploads/462867d.jpg', '462867d.jpg'),
(763, 'uploads/462867a.jpg', '462867a.jpg'),
(764, 'uploads/530786wa.jpg', '530786wa.jpg'),
(765, 'uploads/530786d.jpg', '530786d.jpg'),
(766, 'uploads/530786a.jpg', '530786a.jpg'),
(767, 'uploads/533302d.jpg', '533302d.jpg'),
(768, 'uploads/533302a.jpg', '533302a.jpg'),
(769, 'uploads/531188d.jpg', '531188d.jpg'),
(770, 'uploads/531188a.jpg', '531188a.jpg');

-- --------------------------------------------------------

--
-- Structure de la table `products`
--

DROP TABLE IF EXISTS `products`;
CREATE TABLE IF NOT EXISTS `products` (
  `id` int(11) NOT NULL AUTO_INCREMENT,
  `ident_time` int(11) NOT NULL,
  `price` int(11) NOT NULL,
  `name` varchar(50) NOT NULL,
  `description` text NOT NULL,
  `is_enable` int(11) NOT NULL,
  `id_sous_categories` int(11) NOT NULL,
  PRIMARY KEY (`id`),
  KEY `id_sous_categories` (`id_sous_categories`)
) ENGINE=InnoDB AUTO_INCREMENT=185 DEFAULT CHARSET=utf8;

--
-- Déchargement des données de la table `products`
--

INSERT INTO `products` (`id`, `ident_time`, `price`, `name`, `description`, `is_enable`, `id_sous_categories`) VALUES
(77, 1678782664, 62, 'Johnny de Black ', 'Les jeans \"Johnny de Black Premium by EMP sont de véritables classiques.\r\n\r\n- Style 5 poches\r\n- Légèrement délavé\r\n- Coupe évasée\r\n- Taille mi-haute\r\n- Coupe confortable au niveau des cuisses\r\n- Légèrement évasé\r\n- Coutures spéciales en effet contrastant sur le coté d\'une cuisse', 1, 3),
(78, 1678782820, 85, 'Abaddon', 'Pantalon de Gothicana by EMP :\r\n\r\n- Le pantalon peut être porté en short en détachant les jambes\r\n- Coupe ample\r\n- Nombreux straps, anneaux et œillets\r\n- Chaîne amovible\r\n- Poches latérales fendues\r\n- Les poches sont larges pour plus d\'espace de stockage\r\n- Poches arrières\r\n- Cordons aux ourlets\r\n- Cordons aux ourlets\r\n- Passants de ceinture', 1, 3),
(79, 1678782921, 53, 'Treillis élastiqué Pantalon Cargo', 'Pantalon de survêtement « Stretch Cargo Jogging Pants » signé Urban Classics :\r\n\r\n- Pantalon de survêtement dans le style Cargo\r\n- Deux poches latérales\r\n- Poches cousues sur les jambes\r\n\r\nTout le monde a besoin d\'un pantalon de survêtement. Que ce soit pour faire du sport ou pour se détendre sur le canapé. Nous avons le pantalon de survêtement noir « Cargo Jogging Pants » signé Urban Classics pour vous. Le pantalon comporte des poches cousues sur les jambes et deux poches latérales. Le pantalon Cargo a vraiment un super look.', 1, 3),
(80, 1678783019, 75, 'Jared Jean', 'Pantalon de Rock Rebel by EMP :\r\n\r\n- Style 5 poches\r\n- Coupe slim\r\n- Délavé\r\n- Détails zippés au genou\r\n- Étiquette à la taille\r\n- Fermeture : bouton crâne et fermeture éclair', 1, 3),
(81, 1678783106, 62, 'Johnny Jean', 'Jean de Black Premium by EMP :\r\n\r\n- Style 5 poches\r\n- Aspect délavé\r\n- Délavé\r\n- Boutons décoratifs\r\n- Coutures contrastées\r\n- Fermeture : Fermeture éclair et bouton', 1, 3),
(82, 1678783177, 62, 'Marc Jean', 'Jean de Black Premium by EMP :\r\n\r\n- Style 5 poches\r\n- Lavage\r\n- Coupe ample\r\n- Taille mi-haute\r\n- Coupe confortable aux cuisses\r\n- Largeur standard', 1, 3),
(83, 1678783266, 53, 'Pantalon M65 Vintage Pantalon Cargo', '- Coupe loose fit ample\r\n- Coupe confortable aux jambes\r\n- Taille médium\r\n- Style vintage\r\n- Possibilité d\'ajuster la taille\r\n- 2 poches latérales\r\n- 2 poches à l\'arrière\r\n- Boutons pression sur toutes les poches\r\n- Boutons pour des bretelles sur la partie extérieure de la taille\r\n- Plis élastiques aux genoux\r\n- Cordons de serrage aux chevilles\r\n\r\nPantalon « M65 Vintage Trouser » signé Brandit\r\n\r\nPantalon à la coupe confortable Loose Fit signé « Brandit ». Avec deux grandes poches sur les jambes et des grandes lanières cousues sur le côté des poches qui peuvent être utilisées pour retrousser le pantalon et le resserrer. dans le style vintage typique : délavé, tissu en coton doux et parties volontairement usées.\r\n\r\n- Système de serrage individuel à la taille\r\n\r\n- 2 poches latérales\r\n\r\n- 2 poches arrière\r\n\r\n- Toutes les poches sont munies de bouton à pression\r\n\r\n- Boutons à la taille pour ajouter des bretelles\r\n\r\n- Plis aux genoux pour plus d\'aisance\r\n\r\n- Cordon de serrage dans le bas des jambes\r\n\r\nVous cherchez un pantalon confortable ? Le pantalon « M65 Vintage Trousers » signé Brandit sera parfait pour vous ! Le pantalon Cargo à la coupe ample peut être retroussé, il est donc idéal quelle que soit la saison. Les grandes poches sur les jambes vous permettent de ranger de nombreux effets personnels.', 1, 3),
(84, 1678783370, 71, 'Pete Jean', 'Jean de Rock Rebel by EMP :\r\n\r\n- Style 5 poches\r\n- Effet délavé\r\n- Coutures motard\r\n- Délavage individuel qui rend chaque pièce unique\r\n- Se ferme avec une fermeture éclair et un bouton en forme de crâne\r\n- Clous avec crânes', 1, 3),
(85, 1678783452, 53, 'Pantalon M65 Vintage Pantalon Cargo', '- Coupe loose fit ample\r\n- Coupe confortable aux jambes\r\n- Taille médium\r\n- Style vintage\r\n- Possibilité d\'ajuster la taille\r\n- 2 poches latérales\r\n- 2 poches à l\'arrière\r\n- Boutons pression sur toutes les poches\r\n- Boutons pour des bretelles sur la partie extérieure de la taille\r\n- Plis élastiques aux genoux\r\n- Cordons de serrage aux chevilles\r\n\r\nPantalon « M65 Vintage Trouser » signé Brandit\r\n\r\nPantalon à la coupe confortable Loose Fit signé « Brandit ». Avec deux grandes poches sur les jambes et des grandes lanières cousues sur le côté des poches qui peuvent être utilisées pour retrousser le pantalon et le resserrer. dans le style vintage typique : délavé, tissu en coton doux et parties volontairement usées.\r\n\r\n- Système de serrage individuel à la taille\r\n\r\n- 2 poches latérales\r\n\r\n- 2 poches arrière\r\n\r\n- Toutes les poches sont munies de bouton à pression\r\n\r\n- Boutons à la taille pour ajouter des bretelles\r\n\r\n- Plis aux genoux pour plus d\'aisance\r\n\r\n- Cordon de serrage dans le bas des jambes\r\n\r\nVous cherchez un pantalon confortable ? Le pantalon « M65 Vintage Trousers » signé Brandit sera parfait pour vous ! Le pantalon Cargo à la coupe ample peut être retroussé, il est donc idéal quelle que soit la saison. Les grandes poches sur les jambes vous permettent de ranger de nombreux effets personnels.', 1, 3),
(86, 1678783560, 47, 'Pantalon Army Vintage Pantalon Cargo', 'Pantalon signé Black Premium by EMP :\r\n\r\n- Pantalon Cargo\r\n- Coupe décontractée\r\n- Poches latérales fendues\r\n- Poches plaquées\r\n- Détails sur l\'étiquette et la fermeture éclair\r\n- Boucles sur les cotés à la taille\r\n- Cordons aux ourlets\r\n- Fermeture : bouton et fermeture éclair', 1, 3),
(87, 1678783630, 160, 'GBJeans LNTV Pantalon en cuir', '- Five-pocket style\r\n- Straight fit\r\n- Belt loops\r\n- Decorative seam on the knee\r\n- Medium rise', 1, 3),
(88, 1678783732, 47, 'Darkest Hours Jean', '- Coupe slim\r\n- Jambes : coupe skinny très accentuée\r\n- Taille basse\r\n- Contient des parties en élasthanne\r\n\r\nVous avez un sacré look ! Les gars de Rock Rebel ont été particulièrement soigneux avec le jean « Darkest Hour ». Ce jean skinny possède un look pré- Vieilli avec des éraflures et des trous.', 1, 3),
(89, 1678783837, 62, 'Johnny Jean', 'Jean de Black Premium by EMP :\r\n\r\n- Style 5 poches\r\n- Bootcut\r\n- Légèrement délavé\r\n- Taille mi-haute', 1, 3),
(90, 1678783935, 62, 'Pantalon Army Vintage Pantalon Cargo', 'Pantalon signé Black Premium by EMP :\r\n\r\n- Pantalon Cargo\r\n- Coupe ample\r\n- Poches latérales fendues\r\n- Deux poches arrières\r\n- Trois poches latérales\r\n- Détails sur l\'étiquette et la fermeture éclair\r\n- Boucles sur les cotés à la taille\r\n- Cordons aux ourlets', 1, 3),
(91, 1678784018, 62, 'Avengence Check Pantalon en toile', '- Matière solide de haute qualité\r\n- Fermetures Éclair décoratives à l\'avant des jambes\r\n- Larges poches\r\n- Anneaux\r\n- Légèrement élastique', 1, 3),
(92, 1678785303, 62, 'Salomon Jean', '- Style vintage\r\n- Coupe droite\r\n- Hauteur de la taille : moyenne\r\n- Patte de boutonnage dissimulée\r\n- Délavé', 1, 3),
(93, 1678785511, 42, 'Loom Jean', '- Coupe slim\r\n- Medium rise\r\n- Coupe droite\r\n- Légèrement élastique', 1, 3),
(94, 1678785607, 42, 'Chemise À Carreaux Chemise en flanelle', '- Deux poches cousues sur la poitrine\r\n- Col chemise\r\n- Boutonnée\r\n- Manches retroussées\r\n- Contient des éléments non textiles d\'origine animale', 1, 7),
(95, 1678785658, 52, 'Luis Shirt Chemise manches longues', '- Deux poches poitrine avec boutons\r\n- Broderies appliquées\r\n- Boutonnée\r\n- Patch sur la manche\r\n- Col de chemise\r\n- Épaulettes avec rivets\r\n- Petit logo en métal à l\'ourlet\r\n- Poignets avec boutons', 1, 7),
(96, 1678785753, 44, 'Black Tribe Chemise manches longues', '- Logo brodé\r\n- Deux poches poitrine\r\n- Rangée de boutons\r\n\r\nLes Rockeurs et les Goths vont adorer la chemise noire « Black Tribe » à manches longues et signée Doomsday. Et pas seulement à cause du mélange de couleurs, mais également grâce au motif tribal brodé sur le devant et les épaules. Les boutons sur le devant sont aussi magnifique que les poches poitrine !', 1, 7),
(97, 1678785838, 60, 'EMP Signature Collection Chemise manches longues', '- Broderies sur le devant, le dos et les manches\r\n- Épingle en métal détachable sur la poitrine à gauche\r\n- Deux poches poitrines avec boutons à pression\r\n- Patte de boutonnage\r\n- Boutons sur les manches', 1, 7),
(98, 1678785903, 42, 'Chemise À Carreaux Chemise en flanelle', '', 1, 7),
(99, 1678785966, 42, 'Chemise À Carreaux Chemise en flanelle', '- Deux poches plaquées sur la poitrine\r\n- Poignets\r\n- Col de chemise\r\n- Patte de boutonnage', 1, 7),
(100, 1678786083, 32, 'Chemise À Carreaux En Flannelle', '- Deux poches poitrine\r\n- Col chemise', 1, 7),
(101, 1678786171, 58, 'Chemise À Manches Courtes Work', 'Dave Grohl la porte ainsi que de nombreux autres travailleurs : la chemise manches courtes signée Dickies. La chemise noire « Manches Courtes Work » est fabriquée dans une matière très robuste et a un look incroyable. Avec cette chemise, vous ne pouvez pas faire fausse route !\r\n\r\nChemise manches courtes Dickies - « Work »\r\n\r\n- Patch avec logo Dickies sur le devant\r\n- Fermeture à boutons\r\n- 2 poches poitrine avec fermeture à bouton\r\n- Coupe ample\r\n\r\nLa chemise noire « Short Sleeve Work Shirt » signée Dickies vous donnera un look vraiment excellent. Elle séduit par sa robustesse et possède un style qui ira avec n\'importe quelle tenue. Les poches cousues sur la poitrine et le logo de la marque cousu à la base apportent un vrai plus à l\'ensemble.', 1, 7),
(102, 1678786247, 42, 'Chemise À Carreaux', '- Poches poitrine ajustées\r\n- Poignets\r\n- Col chemise\r\n- Patte de boutonnage', 1, 7),
(103, 1678786340, 75, 'Rammstein Chemise manches longues', 'Chemise manches longues « Rammstein »\r\n\r\n- Coupe légèrement cintrée\r\n- Deux poches poitrine\r\n- Une poche sur la manche\r\n- Patte aux épaules\r\n- Boutons marqués du logo\r\n- Logos brodés et patch\r\n\r\nRammstein est un groupe incontournable qui ne nécessite plus qu\'on le possède. Avec nous, vous pouvez avoir la chemise Rammstein à manches longues. Les logos brodés Rammstein sur la poitrine et la manche sont vraiment excellents. Sur les boutons se trouve le logo Rammstein. Les pattes aux épaules constituent la touche finale.', 1, 7),
(104, 1678786422, 46, 'The Ballad Of Billy The Kid', 'Chemise à manches longues signée R.E.D. by EMP :\r\n\r\n- Dip dye\r\n- Deux poches poitrine\r\n- Une poche poitrine avec bouton-pression\r\n\r\nLa chemise « Checked Dip Dye » signée R.E.D. by EMP possède un superbe motif à carreaux cool et frappant. Le motif est agrémenté d\'un effet dip dye qui s\'éclaircit vers le bas. La chemise est également agrémentée de deux poches poitrine dont une avec un bouton-pression.', 1, 7),
(105, 1678786529, 47, 'Coutures Unies', '- Deux poches\r\n- Boutons pression\r\n- Surpiqûres décoratives rouges sur le devant et dans le dos\r\n- Manches courtes', 1, 7),
(106, 1678786627, 136, 'G2B Ainigo Slim Fit LABONV', '- Col chemise\r\n- Deux poches poitrine avec fermeture éclair\r\n- Boutons pression aux poignets\r\n- Coupe slim\r\n- Appliqué dans le dos\r\n- Cuir doux', 1, 7),
(107, 1678786706, 46, 'Chemise Double Col', '- Col montant\r\n- Col double\r\n- Manches longues\r\n- Boutonnière\r\n- Matériau doux et confortable\r\n- Confort supérieur\r\n- Boutons sur les poignets\r\n- Coupe droite', 1, 7),
(108, 1678786798, 132, 'Veste En Cuir', 'Cette veste typiquement Heavy Metal incarne tout ce dont a besoin un vrai métalleux pour s\'habiller !\r\n\r\n- Blouson en cuir de buffle\r\n- Avec fermeture éclair en biais\r\n- Col avec boutons pression\r\n- 1 poche latérale zippée sur le devant\r\n- 1 petite poche à rabat avec pression sur le devant\r\n- Patte aux épaules à pression\r\n- Ceinture\r\n- Fermeture éclair sur les poignets\r\n- Doublure : 100 % polyester\r\n- 2 poches intérieures dont une zippée\r\n\r\nVeste robuste en cuir avec 3 poches latérales, 1 poche à rabat, une ceinture à la taille, des pattes aux épaules, 2 poches intérieures et une doublure en 100 % polyester.\r\n\r\nLes vestes en cuir sont tout aussi emblématiques que les débuts du Heavy Metal. EMP vous propose la veste en cuir « Classic Style ». Cette veste est en cuir véritable et possède tout ce qui est indispensable sur une veste en cuir : le style ! Bien sûr, cette veste regroupe toutes les qualités d\'une veste en cuir : une fermeture éclair en biais, des poches, une ceinture à la taille et des pattes aux épaules. Alors qu\'attendez-vous ? Enfilez cette veste en cuir et partez en direction de concerts ou de festivals ! On se voit devant la scène !', 1, 8),
(109, 1678786865, 200, 'Rock & Roll - Will Never Die', '- Deux poches de poitrine intérieures sur le côté gauche : 1 zippée, 1 avec Velcro\r\n- Poche de poitrine intérieure sans fermeture sur le côté droit\r\n\r\nQui n\'aime pas une veste en cuir noir, surtout celles décorées du logo d\'un groupe de Rock légendaire au-dessus du cœur ? Cette veste \"Rock & Roll - Will Never Die\" en cuir est équipée d\'une capuche intégrée et d\'un subtil logo AC/DC gaufré entre les omoplates.', 1, 8),
(110, 1678786943, 25, 'Veste Sans Manches Brocade', '- Gilet à la confection raffinée\r\n- Motif brocart\r\n- 5 boutons\r\n- Boucle réglable dans le dos', 1, 8),
(111, 1678787011, 32, 'Life Of An Easy Rider', 'Veste en jean signée Black Premium by EMP :\r\n\r\n- Style délavé\r\n- Fermeture : boutonnière\r\n- Deux poches poitrine\r\n- Effet usé\r\n- Sans manches\r\n- Effet destroy\r\n- Deux poches latérales fendues\r\n- Encolure agrémentée d\'une broderie', 1, 8),
(112, 1678787101, 202, 'Le Joker', '- Veste en cuir look motard\r\n- Look usé\r\n- Look 2-en-1\r\n- Capuche amovible grâce à une fermeture Éclair\r\n- Sangles sur les épaules\r\n- Col avec bouton pression\r\n- Deux poches latérales zippées\r\n- Poche poitrine zippée\r\n- Matelassage en haut des manches\r\n- Fermetures Éclair au niveau des poignets\r\n- Doublure intérieure verte avec impression\r\n- Cuir d\'agneau', 1, 8),
(113, 1678787172, 273, 'EMP Signature Collection', '- Cuir d\'agneau doux\r\n- Capuche amovible de couleur contrastante\r\n- Logo en relief à l\'avant et dans le dos\r\n- Doublure intérieure imprimée\r\n- Poche poitrine zippée\r\n- Poche latérale zippée\r\n- Deux poches intérieures\r\n- Curseurs des fermetures Éclair en forme de logo\r\n- Col montant avec boucle\r\n- Fermetures Éclair au bout des manches', 1, 8),
(114, 1678787243, 130, 'GBGrahan IDRV', '- Zip\r\n- Stand-up collar\r\n- Soft leather\r\n- Small metal Gipsy logo on the sleeve\r\n- Two pockets with zip\r\n- Ribbed cuffs on the sleeves and bottom hem\r\n- Three inside pockets (one with zip, one with Velcro and one with button)', 1, 8),
(115, 1678787340, 260, 'Logo', 'Rammstein - Veste logo en cuir\r\n\r\n- Cuir en peau d\'agneau\r\n- Logo gaufré sur l\'avant et dans le dos\r\n- Pendentif du logo sur la fermeture\r\n- Clous avec logo\r\n- Doublure imprimée\r\n- 3 poches intérieures : 1 avec fermeture velcro et 1 avec fermeture éclair\r\n- Poches latérales fendues avec fermeture éclair\r\n- Fermetures éclair aux poignets\r\n- Court col droit avec boutons-pression portant le logo\r\n- Boucles réglables sur les poignets\r\n- Patchwork rembourré sur les épaules et dans le dos\r\n\r\nRemarque : contient des composants non textiles d\'origine animale', 1, 8),
(116, 1678787469, 75, 'The Vampire Of Time And Memory', 'Veste signée Gothicana by EMP :\r\n\r\n- Deux poches intérieures, dont une zippée\r\n- Deux poches à rabat avec boutons\r\n- Col montant type officier\r\n- Rangée de boutons en métal\r\n- Bordure décorée\r\n\r\nAvec la veste « Steam Frock Coat » signée Gothicana by EMP, vous pourrez vous habiller comme un gentleman mystérieux du temps passé. La veste au style uniforme sera parfaite pour le bureau grâce à sa rangée de boutons et ses manchettes. Elle impressionne avec son tissu brillant et son petit col montant.', 1, 8),
(117, 1678787583, 230, 'Pentagram', '- Look double épaisseur\r\n- Capuche amovible\r\n- Fermetures Éclair aux poignets\r\n- Fermetures Éclair décoratives\r\n- Deux poches latérales zippées\r\n- Petit col montant avec boutons pression\r\n- Imprimé à l\'intérieur\r\n- Deux boucles latérales réglables à l\'ourlet\r\n- Poche poitrine zippée\r\n- Imprimé dans le dos\r\n- Cuir véritable\r\n- Lavage spécial cuir', 1, 8),
(118, 1678787700, 220, 'The Road Crew', 'Veste en cuir signée Black Premium by EMP avec grand crâne gaufré dans le dos :\r\n\r\n- Cuir de buffle\r\n- 2 poches latérales zippées\r\n- 1 poche à rabat avec logo gaufré\r\n- 3 poches intérieures\r\n- Patte aux épaules\r\n- Fermeture éclair sur les poignets\r\n- Ceinture à la taille\r\n- Patch aux coudes\r\n- Clous', 1, 8),
(119, 1678787760, 60, 'New lumber jacket Black Edition', '', 1, 8),
(120, 1678787824, 53, 'Veston Escape', '- Side slit pockets with zip\r\n- Small pocket with press stud fastening at the front\r\n- Decorative zip on the chest\r\n- Asymmetric zip\r\n- Collar fixed with press studs\r\n- Shoulder flaps with press studs\r\n- Adjustable buckle on the front\r\n- Soft lining', 1, 8),
(121, 1678787912, 37, 'Jupe Recouverte De Dentelle', '- Jupe en dentelle\r\n- Jupon plus court\r\n- Taille élastiquée', 1, 5),
(122, 1678787974, 65, 'Skirt with eyelet details', '', 1, 5),
(123, 1678788041, 53, 'Jupe Noire & Queue De Pie', 'Skirt from Gothicana by EMP:\r\n\r\n- Double-layered skirt\r\n- Double-breasted button placket on the front\r\n- Cord detail\r\n- Two decorative pockets\r\n- Dovetail cut\r\n- Decorative strap with buttons at the back\r\n- Seam details at the waistband\r\n- Can be opened using front buttons', 1, 5),
(124, 1678788103, 27, 'Jupe longue', '- Cordon de serrage en caoutchouc\r\n- Jupe plissée\r\n- Coton jersey', 1, 5),
(125, 1678788185, 25, 'Ain\'t Your Fairytale', 'Jupe ample signée Full Volume by EMP avec une longueur d\'env. 46 cm.\r\n\r\nAvec Full Volume by EMP, vous aurez un look incroyablement sexy. La jupe noire « Black Swinging Skirt » en est l\'exemple parfait. La jupe ample avec une longueur d\'env. 46 cm tombe parfaitement et vous assurera un superbe look.', 1, 5),
(126, 1678788245, 19, 'Jack', '- Jupe courte et moulante\r\n- Imprimé frontal\r\n- Taille élastiquée', 1, 5),
(127, 1678788310, 42, 'Gothicana X Anne Stokes - Skirt with pentagram', '', 1, 5),
(128, 1678788414, 26, 'Ladies Satin Midi Skirt', '- Elasticated waistband with drawstring\r\n- Two side slit pockets\r\n- Soft and light satin material', 1, 5),
(129, 1678788476, 130, 'Jupe Gothique', '', 1, 5),
(130, 1678788555, 57, 'Robe zippée noire', 'Robe « Black Zip Dress » signée H&R London\r\nMini-robe noire bondage avec fermeture éclair continue sur le devant.\r\n\r\n- Clous et fermetures zippées\r\n- Avec lanières type bondage détachables\r\n- Longueur env. 80 cm\r\n\r\nQue diriez-vous d\'une performance avec une policière sexy  ? Avec cette robe « Black Zip Dress », les concepteurs de H&R London ont conçu le vêtement parfait pour un look incroyable. La mini-robe possède une fermeture éclair continue et est décorée de clous et de lanières.', 1, 12),
(131, 1678788620, 90, 'Robe Dentelle', '- Robe rétro avec dentelle et col cœur\r\n- Manches longues évasées en dentelle florale\r\n- Petit col montant\r\n- Jupe évasée\r\n- Fermeture Éclair discrète dans le dos', 1, 12),
(132, 1678788685, 85, 'Emerald', 'Une robe super féminine ! La robe « Emerald » signée Voodoo Vixen met en valeurs vos plus belles courbes ! La robe à la coupe classique donne l\'impression que votre taille est plus petite. La robe vert sans bretelles de couleur vert émeraude est recouverte de dentelle florale avec des roses en impression floquée. Une petite ouverture sur le décolleté peut être nouée avec un petit noeud. Sur le côté se trouve une fermeture éclair pour faire en sorte que cette robe soit plus facile à enfiler. Avec une longueur d\'env. 100 cm, cette robe sera parfaite pour le mariage de votre meilleur ami(e). Portez cette robe avec des escarpins noirs et foncez sur la piste de danse !', 1, 12),
(133, 1678788757, 28, 'Hold Loosely', 'Dress from Full Volume by EMP:\r\n\r\n- Loose top\r\n- 2D front print\r\n- Decorative lacing on the shoulders\r\n- Wide crew neck\r\n- Narrow skirt\r\n- Underlaid cut-outs', 1, 12),
(134, 1678788809, 40, 'Oh Boy!', 'Disponible uniquement chez nous : la robe noire \"Chloe Wide Collar\" signée Black Premium by EMP est la petite robe noire qui convient à toutes les occasions. La robe est très tape à l\'oeil grâce à sa forme évasée et son décolleté plongeant. La partie supérieure mettra superbement en valeur vos courbes grâce à sa coupe ajustée. La partie inférieure vous assure un look très années 50 avec la sous-robe en tulle (100% Polyester). Longueur env. 91 cm.', 1, 12),
(135, 1678788866, 33, 'Angels Fall', 'Robe de Gothicana by EMP :\r\n\r\n- Robe mi-longue avec capuche\r\n- Laçages décoratufs autour de l\'encolure\r\n- Laçages à l\'avant et dans le dos pour une coupe parfaite\r\n- Trous pour les pouces\r\n- Couture plus longue à l\'arrière', 1, 12),
(136, 1678788961, 15, 'Robe-Pull Épaule Dénudée', '- Col Carmen\r\n- Manches courtes\r\n- Moulante\r\n- Mi-longue', 1, 12),
(137, 1678789060, 37, 'Robe D\'Hiver', '- Col bateau\r\n- Légèrement plus longue dans le dos\r\n- Tricotée\r\n\r\nCette robe « Winter » signée Innocent vous séduira à coup sûr avec son look subtil, élégant et stylé. Elle est d\'un cyan sophistiqué et possède une coupe légèrement plus longue dans le dos. Un col bateau ample et des manches 3/4 au look très tendance viennent parfaire le look.', 1, 12),
(138, 1678789126, 90, 'Robe Workwear', '- Matière en jean élastique\r\n- Col en V\r\n- Boutonnière à l\'avant\r\n- Poches latérales fendues\r\n- Fermeture éclair sur le côté\r\n- Logo Queen Kerosin brodé à la taille', 1, 12),
(139, 1678789197, 42, 'Robe Dentelle', '', 1, 12),
(140, 1678789264, 33, 'Keeping You Warm', 'Robe signée Black Premium by EMP\r\n\r\n- Capuche\r\n- Fermeture éclair au décolleté\r\n- Poignets et ourlet côtelés\r\n- Avec une couture à la taille', 1, 12),
(141, 1678789341, 42, 'Robe Col Haut', '- Col châle\r\n- Un côté froncé\r\n- Une poche latérale\r\n\r\nLa robe « High Neck Dress » signée RED by EMP est très élégante avec sa couleur bordeaux. Le col châle très stylé crée un effet vraiment frappant, tout comme le côté froncé. Et pour couronner le tout, cette robe est agrémentée d\'une poche latérale !', 1, 12),
(142, 1678789872, 28, 'Amplified Collection - Smiley', '- Robe T-shirt courte en coton\r\n- Large imprimé à l\'avant\r\n- Coupe ample\r\n- Design confortable\r\n- Matière particulièrement douce et confortable\r\n- Col rond côtelé\r\n- Bords ouverts', 1, 12),
(143, 1678789935, 75, 'Boutons Cœurs', '- Boutonnière\r\n- Manches courtes\r\n- Boutons en forme de cœurs et design Ouija\r\n- Soleil et lune brodés sur le col\r\n- Manches courtes bouffantes\r\n- Fermeture éclair dans le dos\r\n- Col chemise', 1, 12),
(144, 1678790003, 47, 'Robe Retroussée', '- Dos nu\r\n- Œillets décoratifs\r\n- Ourlet flottant', 1, 12),
(145, 1678790073, 42, 'Robe Rouge Foncée Avec Laçage Décoratif', 'Dress from Black Premium by EMP:\r\n\r\n- Soft, flowing fabric\r\n- Elaborate, decorative lacing on the shoulders and back\r\n- Slightly flared skirt', 1, 12),
(146, 1678790147, 21, 'Robe Hana', 'Superbe robe effet croisé avec détails de couleur contrastée rouge et ceinture à nouer pour accentuer la taille. La robe « Hana » signée Innocent est en 95 % viscose et 5 % élasthanne. Longueur : env. 87 cm. Matière légère et fluide.', 1, 12),
(147, 1678790210, 37, 'Pantalon Vernis Skinny', '- Taille haute\r\n- Tissu vernis\r\n- Coupe skinny\r\n- Style 5 poches\r\n- Fausses poches à l\'avant\r\n- Matière élastique pour plus de confort', 1, 2),
(148, 1678790287, 42, 'Grace - Jean Bleu Foncé', 'Jeans from Black Premium by EMP:\r\n\r\n- Boot cut\r\n- Five-pocket style\r\n- Light wash\r\n- Label on the back of the waistband\r\n- Belt loops\r\n- Button and zip', 1, 2),
(149, 1678790344, 24, 'Built For Comfort', 'Leggings Gothicana d\'EMP:\r\n\r\n- Impression détaillée sur la jambe gauche du pantalon\r\n- Extrêmement moulant\r\n- Taille élastiquée sans fermeture\r\n- Toucher très doux', 1, 2),
(150, 1678790407, 44, 'Skarlett', 'Pantalon signé Black Premium by EMP :\r\n\r\n- Coupe slim\r\n- Deux tons, séparés au centre\r\n- Style 5 poches\r\n- Détails en faux cuir\r\n- Fermeture Éclair avec bouton\r\n- Patch avec logo à la taille', 1, 2),
(151, 1678790473, 28, 'Built For Comfort', 'Disponible uniquement chez nous : les leggings noirs font toujours forte impression. Le legging noir « Gothic Lady Lace » signé Gothicana en est l\'exemple parfait. Les œillets en métal et les parties lacées sur les côtés rendent ce legging incontournable.', 1, 2),
(152, 1678790555, 42, 'Take Comfort', '- Bootcut\r\n- Partie lacée sur le bas des jambes\r\n- Bande élastique à la taille\r\n- Jupe cousue\r\n- Très élastique\r\n\r\nNous mettons fin aux jeans ennuyeux et aux leggings mornes. Le legging bootcut signé Gothicana by EMP mélange la coupe confortable d\'un legging avec le style cool d\'un jean bootcut. Ensemble, ils créent le legging le plus confortable et également le plus extravagant avec sa jupe cousue et les parties lacées.', 1, 2),
(153, 1678790620, 53, 'Megan', 'Pantalon de Rock Rebel by EMP :\r\n\r\n- L\'effet de lavage donne à chaque pièce faite maine sa propre couleur, la rendant unique.\r\n- Style 5 poches\r\n- Boutons et clous avec gaufrage en crâne\r\n- Délavé\r\n- Fermeture Éclair dissimulée\r\n- Coupe slim', 1, 2),
(154, 1678791970, 20, 'Built For Comfort', '', 1, 2),
(155, 1678792228, 25, 'Salem Chaton Grincheux', '- Moulant\r\n- Taille élastiquée\r\n- Chats imprimés sur les deux jambes', 1, 2),
(156, 1678792295, 63, 'Skarlett - Pantalon Rouge & Noir Avec Boucles', 'Trousers from Gothicana by EMP:\r\n\r\n- Five-pocket style\r\n- Buckle details\r\n- Decorative zips\r\n- Zip on the right leg hem\r\n- Eyelets on the back pockets\r\n- Belt loops\r\n- Label on the back of the waistband\r\n- Button and zip', 1, 2),
(157, 1678792376, 34, 'Pusheen All Over', 'Pusheen - Leggings - All over\r\n\r\n- Bord élastique\r\n- Empiècements en mesh\r\n- Imprimé à l\'avant', 1, 2),
(158, 1678792436, 28, 'Jack Skellington & Sally - Simply Meant To Be', '- Imprimé sur toute la surface\r\n- Imprimé par sublimation\r\n- Coupe ajustée', 1, 2),
(159, 1678792593, 33, 'Short Enfant Urban Legends', '- Two side slit pockets\r\n- Two fitted pockets with press stud fastening\r\n- Two back pockets with press studs\r\n- Brandit logo patch on the back', 1, 9),
(160, 1678792647, 29, 'Jean Évasé Royal Life Regular', '', 1, 9),
(161, 1678792689, 29, 'Royal Life regular flared PIM jeans', '', 1, 9),
(162, 1678792756, 23, 'Girls Tech Mesh AOP', '', 1, 9),
(163, 1678792813, 33, 'Enfants - Serdaigle', 'Harry Potter - Serdaigle\r\n\r\n- Imprimé sur la jambe gauche\r\n- Imprimé sur la poche arrière\r\n- Taille élastiquée avec cordon\r\n- Poches latérales fendues\r\n- Poche arrière sur le côté droit\r\n- Bords élastiques\r\n- Intérieur texturé\r\n- Tissu molletonné\r\n- 280 gsm', 1, 9),
(164, 1678792866, 22, 'Polly Tasis', '', 1, 9),
(165, 1678792929, 27, 'Pantalon Ranger Enfant', '- Taille ajustable\r\n- Fermeture à bouton avec fermeture éclair\r\n- Deux poches latérales fendues\r\n- Deux poches de pantalon avec rabat et boutons\r\n- Deux poches arrières de pantalon avec rabat et boutons\r\n- Matériau résistant facile d\'entretien\r\n- Boucles de ceinture larges de 4 cm\r\n- Coupe droite, confortable\r\n\r\n\r\nS = 122/128 - 6-7 ans\r\nM = 134/140 - 8-9 ans\r\nL = 145/152 - 10-11 ans\r\nXL = 158/164 - 12-13 ans\r\nXXL = 170/176 = +14 ans', 1, 9),
(166, 1678793018, 25, 'Sway knitted dress', '', 1, 10),
(167, 1678793058, 28, 'Nulan long striped dress', '', 1, 10),
(168, 1678793098, 15, 'May', '', 1, 10),
(169, 1678798153, 15, 'Kids - You\'re Never Too Young To Rock!', 'T-shirt fun Enfant - You\'re Never Too Young To Rock!\r\n\r\n- Longueur standard\r\n- Col rond\r\n- Manches courtes\r\n- Imprimé à l\'avant\r\n\r\nDurabilité :\r\n- Produit de base : Fruit of the Loom (KIDS Valueweight T 61-033-0)\r\n- Oeko-Tex Standard 100 08-5295 Shirley\r\n- WRAP Production Worldwide Responsible Accredited Production 19708', 1, 13),
(170, 1678798222, 17, 'Kids - Rainbow Goat', '- Longueur standard\r\n- Coupe standard\r\n- Col rond\r\n- Imprimé à l\'avant\r\n\r\nDurabilité :\r\n- Produit de base : Fruit of the Loom (KIDS Valueweight T 61-033-0)\r\n- Oeko-Tex Standard 100 08-5295 Shirley\r\n- WRAP Production Worldwide Responsible Accredited Production 19708', 1, 13),
(171, 1678798296, 17, 'Kids - Smiley', '- Longueur standard\r\n- Coupe confortable\r\n- Col serré\r\n- Imprimé à l\'avant\r\n\r\nDurabilité :\r\n- Produit brut de Stanley et Stella\r\nSTANDARD 100 by OEKO-TEX 2012163 Centexbel\r\n- CU819434GOTS-2021-00061360', 1, 13),
(172, 1678798349, 17, 'Nella ribbed shirt', '', 1, 13),
(173, 1678798395, 16, 'Never too Loud', '', 1, 13),
(174, 1678798456, 22, 'Metal-Kids - Logo', '- Longueur standard\r\n- Coupe confortable\r\n- Col serré\r\n- Imprimé à l\'avant\r\n\r\nDurabilité :\r\n- Produit de base : TB\r\n- STANDARD 100 by OEKO-TEX 14.HBD.52734 Hohenstein HTTI\r\nCertificate N°: CU812061GOTS-2019-00024093', 1, 13),
(175, 1678798553, 13, 'Enfants - Pikachu - Éclair', '- Longueur standard\r\n- Coupe standard\r\n- Col rond\r\n- Imprimé à l\'avant', 1, 13),
(176, 1678798643, 18, 'Enfants - Girls Will Save The World', '- Longueur standard\r\n- Coupe standard\r\n- Col rond\r\n- Imprimé à l\'avant', 1, 13),
(177, 1678798705, 18, 'Kids - Rewind, Replay, Rebound', '- Longueur standard\r\n- Coupe standard\r\n- Col rond\r\n- Imprimé à l\'avant et à l\'arrière\r\n- Délavage individuel unique\r\n\r\n- Produit de base :\r\nOuter Vision\r\n- OEKO-TEX Standard 100: 21.0.57027 HOHENSTEIN', 1, 13),
(178, 1678798770, 19, 'Enfants - Koro Sensei - Tête', '', 1, 13),
(179, 1678798822, 25, 'Metal-Kids - Trooper', '- Imprimé à l\'avant\r\n- Col rond\r\n- Manches mi-longues', 1, 13),
(180, 1678798923, 16, 'Enfants - Éclaboussure', '', 1, 13),
(181, 1678798991, 24, 'Metal-Kids - England', '- Imprimé à l\'avant\r\n- Col rond\r\n- Manches mi-longues', 1, 13),
(182, 1678799037, 16, 'Enfants - Clever Girl', '', 1, 13),
(183, 1678799080, 17, 'Kids - Smiley', '', 1, 13),
(184, 1678799124, 27, 'Metal Kids - Senjutsu', '', 1, 13);

-- --------------------------------------------------------

--
-- Structure de la table `products_pictures`
--

DROP TABLE IF EXISTS `products_pictures`;
CREATE TABLE IF NOT EXISTS `products_pictures` (
  `id_product` int(11) NOT NULL,
  `id_picture` int(11) NOT NULL,
  PRIMARY KEY (`id_product`,`id_picture`),
  KEY `id_picture` (`id_picture`)
) ENGINE=InnoDB DEFAULT CHARSET=utf8;

--
-- Déchargement des données de la table `products_pictures`
--

INSERT INTO `products_pictures` (`id_product`, `id_picture`) VALUES
(77, 142),
(77, 143),
(77, 144),
(77, 145),
(77, 146),
(77, 147),
(77, 148),
(77, 149),
(78, 150),
(78, 151),
(78, 152),
(78, 153),
(78, 154),
(78, 155),
(78, 156),
(78, 157),
(78, 158),
(78, 159),
(78, 160),
(78, 161),
(79, 162),
(79, 163),
(79, 164),
(79, 165),
(79, 166),
(79, 167),
(79, 168),
(79, 169),
(80, 170),
(80, 171),
(80, 172),
(80, 173),
(80, 174),
(80, 175),
(80, 176),
(80, 177),
(80, 178),
(80, 179),
(80, 180),
(80, 181),
(81, 182),
(81, 183),
(81, 184),
(81, 185),
(81, 186),
(81, 187),
(82, 188),
(82, 189),
(82, 190),
(82, 191),
(82, 192),
(83, 193),
(83, 194),
(83, 195),
(83, 196),
(83, 197),
(83, 198),
(83, 199),
(84, 200),
(84, 201),
(84, 202),
(84, 203),
(84, 204),
(84, 205),
(84, 206),
(85, 207),
(85, 208),
(85, 209),
(85, 210),
(85, 211),
(85, 212),
(85, 213),
(86, 214),
(86, 215),
(86, 216),
(86, 217),
(86, 218),
(86, 219),
(86, 220),
(86, 221),
(86, 222),
(86, 223),
(86, 224),
(86, 225),
(87, 226),
(87, 227),
(87, 228),
(88, 229),
(88, 230),
(88, 231),
(88, 232),
(88, 233),
(88, 234),
(89, 235),
(89, 236),
(89, 237),
(89, 238),
(89, 239),
(89, 240),
(89, 241),
(90, 242),
(90, 243),
(90, 244),
(90, 245),
(90, 246),
(90, 247),
(90, 248),
(90, 249),
(90, 250),
(90, 251),
(90, 252),
(90, 253),
(90, 254),
(90, 255),
(91, 256),
(91, 257),
(91, 258),
(91, 259),
(91, 260),
(91, 261),
(92, 262),
(92, 263),
(92, 264),
(92, 265),
(92, 266),
(92, 267),
(93, 268),
(93, 269),
(93, 270),
(93, 271),
(93, 272),
(93, 273),
(93, 274),
(93, 275),
(94, 276),
(94, 277),
(94, 278),
(94, 279),
(94, 280),
(94, 281),
(95, 282),
(95, 283),
(96, 284),
(96, 285),
(96, 286),
(96, 287),
(96, 288),
(96, 289),
(96, 290),
(96, 291),
(97, 292),
(97, 293),
(97, 294),
(97, 295),
(97, 296),
(97, 297),
(97, 298),
(97, 299),
(97, 300),
(97, 301),
(98, 302),
(98, 303),
(99, 304),
(99, 305),
(99, 306),
(99, 307),
(99, 308),
(100, 309),
(100, 310),
(100, 311),
(100, 312),
(100, 313),
(101, 314),
(101, 315),
(101, 316),
(101, 317),
(101, 318),
(102, 319),
(102, 320),
(102, 321),
(102, 322),
(102, 323),
(102, 324),
(102, 325),
(103, 326),
(103, 327),
(103, 328),
(103, 329),
(103, 330),
(103, 331),
(103, 332),
(103, 333),
(104, 334),
(104, 335),
(104, 336),
(104, 337),
(104, 338),
(104, 339),
(104, 340),
(104, 341),
(104, 342),
(105, 343),
(105, 344),
(105, 345),
(105, 346),
(105, 347),
(105, 348),
(105, 349),
(106, 350),
(106, 351),
(106, 352),
(106, 353),
(106, 354),
(107, 355),
(107, 356),
(107, 357),
(107, 358),
(107, 359),
(108, 360),
(108, 361),
(108, 362),
(108, 363),
(108, 364),
(108, 365),
(108, 366),
(109, 367),
(109, 368),
(109, 369),
(109, 370),
(109, 371),
(109, 372),
(109, 373),
(110, 374),
(110, 375),
(110, 376),
(110, 377),
(110, 378),
(110, 379),
(110, 380),
(111, 381),
(111, 382),
(111, 383),
(111, 384),
(111, 385),
(111, 386),
(111, 387),
(112, 388),
(112, 389),
(112, 390),
(112, 391),
(112, 392),
(112, 393),
(112, 394),
(112, 395),
(113, 396),
(113, 397),
(113, 398),
(113, 399),
(113, 400),
(113, 401),
(113, 402),
(113, 403),
(114, 404),
(114, 405),
(114, 406),
(114, 407),
(114, 408),
(114, 409),
(115, 410),
(115, 411),
(115, 412),
(115, 413),
(115, 414),
(115, 415),
(115, 416),
(115, 417),
(115, 418),
(115, 419),
(115, 420),
(115, 421),
(115, 422),
(116, 423),
(116, 424),
(116, 425),
(116, 426),
(116, 427),
(116, 428),
(116, 429),
(116, 430),
(116, 431),
(116, 432),
(117, 433),
(117, 434),
(117, 435),
(117, 436),
(117, 437),
(117, 438),
(117, 439),
(117, 440),
(117, 441),
(117, 442),
(117, 443),
(117, 444),
(117, 445),
(118, 446),
(118, 447),
(118, 448),
(118, 449),
(118, 450),
(118, 451),
(118, 452),
(119, 453),
(119, 454),
(119, 455),
(120, 456),
(120, 457),
(120, 458),
(120, 459),
(120, 460),
(121, 461),
(121, 462),
(121, 463),
(121, 464),
(121, 465),
(121, 466),
(122, 467),
(122, 468),
(122, 469),
(122, 470),
(122, 471),
(122, 472),
(123, 473),
(123, 474),
(123, 475),
(123, 476),
(123, 477),
(123, 478),
(124, 479),
(124, 480),
(124, 481),
(124, 482),
(124, 483),
(124, 484),
(125, 485),
(125, 486),
(125, 487),
(125, 488),
(125, 489),
(125, 490),
(126, 491),
(126, 492),
(126, 493),
(126, 494),
(126, 495),
(127, 496),
(127, 497),
(127, 498),
(127, 499),
(127, 500),
(128, 501),
(128, 502),
(128, 503),
(129, 504),
(129, 505),
(129, 506),
(129, 507),
(129, 508),
(129, 509),
(130, 510),
(130, 511),
(130, 512),
(130, 513),
(130, 514),
(130, 515),
(131, 516),
(131, 517),
(131, 518),
(131, 519),
(131, 520),
(131, 521),
(131, 522),
(132, 523),
(132, 524),
(132, 525),
(132, 526),
(132, 527),
(132, 528),
(133, 529),
(133, 530),
(133, 531),
(133, 532),
(133, 533),
(133, 534),
(134, 535),
(134, 536),
(134, 537),
(135, 538),
(135, 539),
(135, 540),
(135, 541),
(135, 542),
(136, 543),
(136, 544),
(136, 545),
(136, 546),
(136, 547),
(137, 548),
(137, 549),
(137, 550),
(137, 551),
(137, 552),
(137, 553),
(138, 554),
(138, 555),
(138, 556),
(138, 557),
(138, 558),
(139, 559),
(139, 560),
(139, 561),
(139, 562),
(139, 563),
(139, 564),
(139, 565),
(140, 566),
(140, 567),
(140, 568),
(140, 569),
(140, 570),
(140, 571),
(141, 572),
(141, 573),
(141, 574),
(141, 575),
(141, 576),
(142, 577),
(142, 578),
(142, 579),
(142, 580),
(143, 581),
(143, 582),
(143, 583),
(144, 584),
(144, 585),
(144, 586),
(144, 587),
(144, 588),
(144, 589),
(144, 590),
(145, 591),
(145, 592),
(145, 593),
(145, 594),
(145, 595),
(146, 596),
(146, 597),
(146, 598),
(146, 599),
(146, 600),
(146, 601),
(146, 602),
(146, 603),
(147, 604),
(147, 605),
(147, 606),
(147, 607),
(147, 608),
(147, 609),
(148, 610),
(148, 611),
(148, 612),
(148, 613),
(148, 614),
(148, 615),
(149, 616),
(149, 617),
(149, 618),
(149, 619),
(149, 620),
(149, 621),
(150, 622),
(150, 623),
(150, 624),
(150, 625),
(150, 626),
(150, 627),
(150, 628),
(151, 629),
(151, 630),
(151, 631),
(151, 632),
(151, 633),
(151, 634),
(151, 635),
(151, 636),
(152, 637),
(152, 638),
(152, 639),
(152, 640),
(152, 641),
(152, 642),
(152, 643),
(152, 644),
(153, 645),
(153, 646),
(153, 647),
(153, 648),
(153, 649),
(153, 650),
(153, 651),
(153, 652),
(154, 653),
(154, 654),
(154, 655),
(154, 656),
(154, 657),
(154, 658),
(154, 659),
(154, 660),
(154, 661),
(154, 662),
(154, 663),
(154, 664),
(154, 665),
(154, 666),
(154, 667),
(154, 668),
(155, 669),
(155, 670),
(155, 671),
(155, 672),
(155, 673),
(156, 674),
(156, 675),
(156, 676),
(156, 677),
(156, 678),
(156, 679),
(157, 680),
(157, 681),
(157, 682),
(157, 683),
(157, 684),
(157, 685),
(158, 686),
(158, 687),
(158, 688),
(158, 689),
(158, 690),
(158, 691),
(159, 692),
(159, 693),
(159, 694),
(160, 695),
(160, 696),
(160, 697),
(161, 698),
(161, 699),
(161, 700),
(162, 701),
(162, 702),
(162, 703),
(162, 704),
(163, 705),
(163, 706),
(163, 707),
(164, 708),
(164, 709),
(164, 710),
(164, 711),
(165, 712),
(165, 713),
(165, 714),
(165, 715),
(165, 716),
(165, 717),
(165, 718),
(166, 719),
(166, 720),
(166, 721),
(167, 722),
(167, 723),
(167, 724),
(168, 725),
(168, 726),
(168, 727),
(169, 728),
(169, 729),
(170, 730),
(170, 731),
(171, 732),
(171, 733),
(171, 734),
(172, 735),
(172, 736),
(172, 737),
(172, 738),
(173, 739),
(173, 740),
(173, 741),
(174, 742),
(174, 743),
(174, 744),
(175, 745),
(175, 746),
(175, 747),
(176, 748),
(176, 749),
(177, 750),
(177, 751),
(177, 752),
(178, 753),
(178, 754),
(178, 755),
(179, 756),
(179, 757),
(179, 758),
(180, 759),
(180, 760),
(181, 761),
(181, 762),
(181, 763),
(182, 764),
(182, 765),
(182, 766),
(183, 767),
(183, 768),
(184, 769),
(184, 770);

-- --------------------------------------------------------

--
-- Structure de la table `sizes`
--

DROP TABLE IF EXISTS `sizes`;
CREATE TABLE IF NOT EXISTS `sizes` (
  `id` int(11) NOT NULL AUTO_INCREMENT,
  `size` varchar(50) NOT NULL,
  `is_enable` int(11) DEFAULT NULL,
  PRIMARY KEY (`id`) USING BTREE
) ENGINE=InnoDB AUTO_INCREMENT=9 DEFAULT CHARSET=utf8;

--
-- Déchargement des données de la table `sizes`
--

INSERT INTO `sizes` (`id`, `size`, `is_enable`) VALUES
(1, 'xl ', 1),
(4, 'XXL ', 1),
(5, 'XXXL ', 1),
(6, 'L', 1),
(7, 'M', 1),
(8, 'S', 1);

-- --------------------------------------------------------

--
-- Structure de la table `sub_categories`
--

DROP TABLE IF EXISTS `sub_categories`;
CREATE TABLE IF NOT EXISTS `sub_categories` (
  `id` int(11) NOT NULL AUTO_INCREMENT,
  `name` varchar(50) NOT NULL,
  `is_enable` int(11) DEFAULT NULL,
  `id_categories` int(11) DEFAULT NULL,
  PRIMARY KEY (`id`),
  KEY `id_categories` (`id_categories`)
) ENGINE=InnoDB AUTO_INCREMENT=14 DEFAULT CHARSET=utf8;

--
-- Déchargement des données de la table `sub_categories`
--

INSERT INTO `sub_categories` (`id`, `name`, `is_enable`, `id_categories`) VALUES
(2, 'Pantalons', NULL, 2),
(3, 'Pantalons ', 1, 1),
(5, 'Jupes', NULL, 2),
(7, 'Chemises ', 1, 1),
(8, 'Vestes ', 1, 1),
(9, 'Pantalons', NULL, 3),
(10, 'Robe', NULL, 3),
(12, 'Robe', NULL, 2),
(13, 'T-SHIRTS', 1, 3);

--
-- Contraintes pour les tables déchargées
--

--
-- Contraintes pour la table `carts`
--
ALTER TABLE `carts`
  ADD CONSTRAINT `id_clients` FOREIGN KEY (`id_client`) REFERENCES `client` (`id`) ON DELETE SET NULL ON UPDATE SET NULL;

--
-- Contraintes pour la table `options`
--
ALTER TABLE `options`
  ADD CONSTRAINT `id_colors` FOREIGN KEY (`id_color`) REFERENCES `colors` (`id`) ON DELETE NO ACTION,
  ADD CONSTRAINT `id_product` FOREIGN KEY (`id_product`) REFERENCES `products` (`id`) ON DELETE NO ACTION,
  ADD CONSTRAINT `id_size` FOREIGN KEY (`id_size`) REFERENCES `sizes` (`id`) ON DELETE NO ACTION;

--
-- Contraintes pour la table `products_pictures`
--
ALTER TABLE `products_pictures`
  ADD CONSTRAINT `id_picture` FOREIGN KEY (`id_picture`) REFERENCES `pictures` (`id`) ON DELETE NO ACTION ON UPDATE NO ACTION,
  ADD CONSTRAINT `id_products` FOREIGN KEY (`id_product`) REFERENCES `products` (`id`) ON DELETE NO ACTION ON UPDATE NO ACTION;

--
-- Contraintes pour la table `sub_categories`
--
ALTER TABLE `sub_categories`
  ADD CONSTRAINT `id_categories` FOREIGN KEY (`id_categories`) REFERENCES `categories` (`id`) ON DELETE SET NULL;
COMMIT;

/*!40101 SET CHARACTER_SET_CLIENT=@OLD_CHARACTER_SET_CLIENT */;
/*!40101 SET CHARACTER_SET_RESULTS=@OLD_CHARACTER_SET_RESULTS */;
/*!40101 SET COLLATION_CONNECTION=@OLD_COLLATION_CONNECTION */;
